pres_trial	stimulus	type	latency
1	'Picture'	'nonWM'	1430
1	'Picture'	'gD'	2741
1	'Picture'	'gM'	3102
1	'Picture'	'gB'	3462
1	'Picture'	'Y'	3822
1	'Picture'	'gH'	4183
1	'Picture'	'Q'	4543
1	'Picture'	'C'	4903
1	'Picture'	'gG'	5264
1	'Picture'	'WM'	5624
1	'Picture'	'rC'	6521
1	'Response'	'1'	6848.99200000000
2	'Sound'	'correct'	6968.19200000000
2	'Response'	'1'	7593.99200000000
3	'Picture'	'nonWM'	7611
3	'Picture'	'J'	8922
3	'Picture'	'C'	9283
3	'Picture'	'F'	9643
3	'Picture'	'M'	10003
3	'Picture'	'gL'	10364
3	'Picture'	'K'	10724
3	'Picture'	'Q'	11084
3	'Picture'	'W'	11445
3	'Picture'	'WM'	11805
3	'Picture'	'rB'	12430
3	'Response'	'255'	12688.9920000000
4	'Sound'	'correct'	12808.1920000000
4	'Response'	'1'	13340.9920000000
5	'Picture'	'nonWM'	13360
5	'Picture'	'gD'	14671
5	'Picture'	'Y'	15032
5	'Picture'	'gT'	15392
5	'Picture'	'gJ'	15753
5	'Picture'	'gM'	16113
5	'Picture'	'K'	16473
5	'Picture'	'B'	16834
5	'Picture'	'gF'	17194
5	'Picture'	'WM'	17554
5	'Picture'	'rB'	18422
5	'Response'	'1'	18686.9920000000
6	'Sound'	'correct'	18806.1920000000
6	'Response'	'255'	18976.9920000000
7	'Picture'	'nonWM'	18996
7	'Picture'	'gC'	20307
7	'Picture'	'Z'	20668
7	'Picture'	'L'	21028
7	'Picture'	'K'	21389
7	'Picture'	'R'	21749
7	'Picture'	'G'	22109
7	'Picture'	'B'	22470
7	'Picture'	'T'	22830
7	'Picture'	'WM'	23190
7	'Picture'	'rZ'	23765
7	'Response'	'1'	24024.9920000000
8	'Sound'	'correct'	24144.1920000000
8	'Response'	'1'	24927.9920000000
9	'Picture'	'nonWM'	24946
9	'Picture'	'X'	26258
9	'Picture'	'gC'	26618
9	'Picture'	'J'	26979
9	'Picture'	'H'	27339
9	'Picture'	'N'	27699
9	'Picture'	'D'	28060
9	'Picture'	'P'	28420
9	'Picture'	'S'	28781
9	'Picture'	'WM'	29141
9	'Picture'	'rL'	30080
9	'Response'	'255'	30417.9920000000
10	'Sound'	'correct'	30537.1920000000
10	'Response'	'1'	30701.9920000000
11	'Picture'	'nonWM'	30721
11	'Picture'	'gF'	32032
11	'Picture'	'gB'	32393
11	'Picture'	'gC'	32753
11	'Picture'	'R'	33113
11	'Picture'	'M'	33474
11	'Picture'	'gJ'	33834
11	'Picture'	'gH'	34195
11	'Picture'	'T'	34555
11	'Picture'	'WM'	34915
11	'Picture'	'rS'	35548
11	'Response'	'255'	35822.9920000000
12	'Sound'	'correct'	35942.1920000000
12	'Response'	'1'	36435.9920000000
13	'Picture'	'nonWM'	36453
13	'Picture'	'gS'	37765
13	'Picture'	'Z'	38125
13	'Picture'	'F'	38486
13	'Picture'	'gD'	38846
13	'Picture'	'gG'	39206
13	'Picture'	'W'	39567
13	'Picture'	'gV'	39927
13	'Picture'	'gQ'	40287
13	'Picture'	'WM'	40648
13	'Picture'	'rL'	41490
13	'Response'	'255'	41727.9920000000
14	'Sound'	'correct'	41847.1920000000
14	'Response'	'1'	42762.9920000000
15	'Picture'	'nonWM'	42781
15	'Picture'	'gJ'	44092
15	'Picture'	'gC'	44453
15	'Picture'	'gL'	44813
15	'Picture'	'S'	45173
15	'Picture'	'G'	45534
15	'Picture'	'V'	45894
15	'Picture'	'gR'	46255
15	'Picture'	'gT'	46615
15	'Picture'	'WM'	46975
15	'Picture'	'rV'	47587
15	'Response'	'1'	47949.9920000000
16	'Sound'	'correct'	48069.1920000000
16	'Response'	'255'	49083.9920000000
17	'Picture'	'nonWM'	49100
17	'Picture'	'Q'	50412
17	'Picture'	'gP'	50772
17	'Picture'	'J'	51132
17	'Picture'	'gT'	51493
17	'Picture'	'gZ'	51853
17	'Picture'	'gK'	52213
17	'Picture'	'D'	52574
17	'Picture'	'gC'	52934
17	'Picture'	'WM'	53294
17	'Picture'	'rJ'	54095
17	'Response'	'1'	54382.9920000000
18	'Sound'	'correct'	54502.1920000000
18	'Response'	'1'	55812.9920000000
19	'Picture'	'nonWM'	55830
19	'Picture'	'P'	57141
19	'Picture'	'gT'	57502
19	'Picture'	'gZ'	57862
19	'Picture'	'gQ'	58222
19	'Picture'	'V'	58583
19	'Picture'	'gB'	58943
19	'Picture'	'X'	59303
19	'Picture'	'gG'	59664
19	'Picture'	'WM'	60024
19	'Picture'	'rV'	60757
19	'Response'	'1'	61045.9920000000
20	'Sound'	'correct'	61165.1920000000
20	'Response'	'1'	63484.9920000000
21	'Picture'	'nonWM'	63502
21	'Picture'	'L'	64814
21	'Picture'	'gG'	65174
21	'Picture'	'Q'	65535
21	'Picture'	'F'	65895
21	'Picture'	'Z'	66255
21	'Picture'	'T'	66616
21	'Picture'	'gR'	66976
21	'Picture'	'gM'	67337
21	'Picture'	'WM'	67697
21	'Picture'	'rL'	68678
21	'Response'	'1'	68915.9920000000
22	'Sound'	'correct'	69035.1920000000
22	'Response'	'1'	71030.9920000000
23	'Picture'	'nonWM'	71049
23	'Picture'	'gS'	72361
23	'Picture'	'C'	72721
23	'Picture'	'G'	73082
23	'Picture'	'P'	73442
23	'Picture'	'gF'	73802
23	'Picture'	'M'	74163
23	'Picture'	'gJ'	74523
23	'Picture'	'L'	74884
23	'Picture'	'WM'	75244
23	'Picture'	'rG'	76048
23	'Response'	'1'	76277.9920000000
24	'Sound'	'correct'	76397.1920000000
24	'Response'	'1'	77522.9920000000
25	'Picture'	'nonWM'	77540
25	'Picture'	'gB'	78852
25	'Picture'	'gH'	79212
25	'Picture'	'D'	79573
25	'Picture'	'R'	79933
25	'Picture'	'N'	80293
25	'Picture'	'Z'	80654
25	'Picture'	'V'	81014
25	'Picture'	'gL'	81374
25	'Picture'	'WM'	81735
25	'Picture'	'rR'	82539
25	'Response'	'1'	82722.9920000000
26	'Sound'	'correct'	82843.1920000000
26	'Response'	'1'	85227.9920000000
27	'Picture'	'nonWM'	85247
27	'Picture'	'W'	86558
27	'Picture'	'Z'	86918
27	'Picture'	'V'	87279
27	'Picture'	'D'	87639
27	'Picture'	'gF'	88000
27	'Picture'	'X'	88360
27	'Picture'	'M'	88720
27	'Picture'	'Y'	89081
27	'Picture'	'WM'	89441
27	'Picture'	'rG'	90116
27	'Response'	'255'	90408.9920000000
28	'Sound'	'correct'	90528.1920000000
28	'Response'	'1'	92339.9920000000
29	'Picture'	'nonWM'	92357
29	'Picture'	'gJ'	93669
29	'Picture'	'gQ'	94029
29	'Picture'	'D'	94390
29	'Picture'	'H'	94750
29	'Picture'	'gX'	95111
29	'Picture'	'G'	95471
29	'Picture'	'gC'	95831
29	'Picture'	'gW'	96192
29	'Picture'	'WM'	96552
29	'Picture'	'rD'	97445
29	'Response'	'1'	97625.9920000000
30	'Sound'	'correct'	97745.1920000000
30	'Response'	'1'	99800.9920000000
31	'Picture'	'nonWM'	99817
31	'Picture'	'K'	101128
31	'Picture'	'gW'	101489
31	'Picture'	'Z'	101849
31	'Picture'	'gQ'	102209
31	'Picture'	'D'	102570
31	'Picture'	'C'	102930
31	'Picture'	'gM'	103290
31	'Picture'	'P'	103651
31	'Picture'	'WM'	104011
31	'Picture'	'rJ'	104665
31	'Response'	'255'	105020.992000000
32	'Sound'	'correct'	105140.192000000
32	'Response'	'1'	106483.992000000
33	'Picture'	'nonWM'	106500
33	'Picture'	'D'	107812
33	'Picture'	'gC'	108172
33	'Picture'	'L'	108533
33	'Picture'	'S'	108893
33	'Picture'	'J'	109253
33	'Picture'	'gK'	109614
33	'Picture'	'H'	109974
33	'Picture'	'gV'	110335
33	'Picture'	'WM'	110695
33	'Picture'	'rL'	111613
33	'Response'	'1'	111829.992000000
34	'Sound'	'correct'	111949.192000000
34	'Response'	'255'	112527.992000000
35	'Picture'	'nonWM'	112547
35	'Picture'	'W'	113859
35	'Picture'	'K'	114219
35	'Picture'	'M'	114579
35	'Picture'	'C'	114940
35	'Picture'	'Q'	115300
35	'Picture'	'gG'	115660
35	'Picture'	'B'	116021
35	'Picture'	'T'	116381
35	'Picture'	'WM'	116742
35	'Picture'	'rB'	117374
35	'Response'	'1'	117649.992000000
36	'Sound'	'correct'	117769.192000000
36	'Response'	'255'	118176.992000000
37	'Picture'	'nonWM'	118196
37	'Picture'	'M'	119507
37	'Picture'	'gG'	119868
37	'Picture'	'L'	120228
37	'Picture'	'Z'	120588
37	'Picture'	'B'	120949
37	'Picture'	'Y'	121309
37	'Picture'	'gR'	121670
37	'Picture'	'gC'	122030
37	'Picture'	'WM'	122390
37	'Picture'	'rT'	123048
37	'Response'	'255'	123370.992000000
38	'Sound'	'correct'	123490.192000000
38	'Response'	'1'	124543.992000000
39	'Picture'	'nonWM'	124561
39	'Picture'	'K'	125873
39	'Picture'	'gC'	126233
39	'Picture'	'J'	126593
39	'Picture'	'gY'	126954
39	'Picture'	'L'	127314
39	'Picture'	'D'	127674
39	'Picture'	'M'	128035
39	'Picture'	'gS'	128395
39	'Picture'	'WM'	128755
39	'Picture'	'rJ'	129325
39	'Response'	'255'	129592.992000000
40	'Sound'	'wrong'	129712.192000000
40	'Response'	'1'	130521.992000000
41	'Picture'	'nonWM'	130541
41	'Picture'	'K'	131852
41	'Picture'	'gZ'	132213
41	'Picture'	'J'	132573
41	'Picture'	'V'	132933
41	'Picture'	'R'	133294
41	'Picture'	'gH'	133654
41	'Picture'	'gM'	134014
41	'Picture'	'S'	134375
41	'Picture'	'WM'	134735
41	'Picture'	'rR'	135544
41	'Response'	'1'	135768.992000000
42	'Sound'	'correct'	135888.192000000
42	'Response'	'255'	136236.992000000
43	'Picture'	'nonWM'	136252
43	'Picture'	'gX'	137564
43	'Picture'	'J'	137924
43	'Picture'	'N'	138285
43	'Picture'	'R'	138645
43	'Picture'	'S'	139005
43	'Picture'	'V'	139366
43	'Picture'	'Y'	139726
43	'Picture'	'H'	140087
43	'Picture'	'WM'	140447
43	'Picture'	'rC'	141038
43	'Response'	'255'	141291.992000000
44	'Sound'	'correct'	141411.192000000
44	'Response'	'1'	142049.992000000
45	'Picture'	'nonWM'	142068
45	'Picture'	'W'	143380
45	'Picture'	'gT'	143740
45	'Picture'	'M'	144101
45	'Picture'	'P'	144461
45	'Picture'	'G'	144822
45	'Picture'	'H'	145182
45	'Picture'	'Z'	145542
45	'Picture'	'N'	145903
45	'Picture'	'WM'	146263
45	'Picture'	'rM'	147084
45	'Response'	'1'	147269.992000000
46	'Sound'	'correct'	147389.192000000
46	'Response'	'255'	148120.992000000
47	'Picture'	'nonWM'	148136
47	'Picture'	'gZ'	149448
47	'Picture'	'T'	149808
47	'Picture'	'M'	150169
47	'Picture'	'S'	150529
47	'Picture'	'gY'	150889
47	'Picture'	'V'	151250
47	'Picture'	'N'	151610
47	'Picture'	'gH'	151970
47	'Picture'	'WM'	152331
47	'Picture'	'rQ'	152930
47	'Response'	'255'	153208.992000000
48	'Sound'	'correct'	153328.192000000
48	'Response'	'1'	153834.992000000
49	'Picture'	'nonWM'	153852
49	'Picture'	'T'	155164
49	'Picture'	'gH'	155524
49	'Picture'	'X'	155884
49	'Picture'	'S'	156245
49	'Picture'	'W'	156605
49	'Picture'	'Q'	156965
49	'Picture'	'K'	157326
49	'Picture'	'D'	157686
49	'Picture'	'WM'	158047
49	'Picture'	'rF'	158683
49	'Response'	'255'	158949.992000000
50	'Sound'	'correct'	159069.192000000
50	'Response'	'1'	160570.992000000
1	'Picture'	'nonWM'	164112
1	'Picture'	'M'	165423
1	'Picture'	'gQ'	165784
1	'Picture'	'W'	166144
1	'Picture'	'B'	166504
1	'Picture'	'Z'	166865
1	'Picture'	'D'	167225
1	'Picture'	'R'	167585
1	'Picture'	'L'	167946
1	'Picture'	'WM'	168306
1	'Picture'	'rY'	169132
1	'Response'	'255'	169299.992000000
2	'Sound'	'correct'	169419.192000000
2	'Response'	'255'	169767.992000000
3	'Picture'	'nonWM'	169786
3	'Picture'	'P'	171097
3	'Picture'	'gK'	171457
3	'Picture'	'B'	171818
3	'Picture'	'gY'	172178
3	'Picture'	'D'	172539
3	'Picture'	'gM'	172899
3	'Picture'	'gC'	173259
3	'Picture'	'gF'	173620
3	'Picture'	'WM'	173980
3	'Picture'	'rP'	174818
3	'Response'	'1'	174954.992000000
4	'Sound'	'correct'	175074.192000000
4	'Response'	'255'	175211.992000000
5	'Picture'	'nonWM'	175229
5	'Picture'	'V'	176540
5	'Picture'	'gC'	176901
5	'Picture'	'gH'	177261
5	'Picture'	'M'	177622
5	'Picture'	'gD'	177982
5	'Picture'	'Q'	178342
5	'Picture'	'Z'	178703
5	'Picture'	'Y'	179063
5	'Picture'	'WM'	179423
5	'Picture'	'rJ'	180425
5	'Response'	'255'	180583.992000000
6	'Sound'	'correct'	180703.192000000
6	'Response'	'1'	181018.992000000
7	'Picture'	'nonWM'	181037
7	'Picture'	'R'	182348
7	'Picture'	'C'	182709
7	'Picture'	'gX'	183069
7	'Picture'	'H'	183430
7	'Picture'	'N'	183790
7	'Picture'	'P'	184150
7	'Picture'	'gM'	184511
7	'Picture'	'gL'	184871
7	'Picture'	'WM'	185231
7	'Picture'	'rP'	186074
7	'Response'	'255'	186265.992000000
8	'Sound'	'wrong'	186385.192000000
8	'Response'	'1'	187062.992000000
9	'Picture'	'nonWM'	187079
9	'Picture'	'gH'	188391
9	'Picture'	'T'	188751
9	'Picture'	'X'	189112
9	'Picture'	'V'	189472
9	'Picture'	'gF'	189833
9	'Picture'	'K'	190193
9	'Picture'	'gC'	190553
9	'Picture'	'G'	190914
9	'Picture'	'WM'	191274
9	'Picture'	'rX'	191861
9	'Response'	'1'	192111.992000000
10	'Sound'	'correct'	192231.192000000
10	'Response'	'255'	193153.992000000
11	'Picture'	'nonWM'	193172
11	'Picture'	'T'	194484
11	'Picture'	'Y'	194844
11	'Picture'	'K'	195205
11	'Picture'	'Z'	195565
11	'Picture'	'F'	195925
11	'Picture'	'gQ'	196286
11	'Picture'	'gG'	196646
11	'Picture'	'gW'	197006
11	'Picture'	'WM'	197367
11	'Picture'	'rL'	198343
11	'Response'	'255'	198538.992000000
12	'Sound'	'correct'	198658.192000000
12	'Response'	'1'	199079.992000000
13	'Picture'	'nonWM'	199097
13	'Picture'	'H'	200409
13	'Picture'	'D'	200769
13	'Picture'	'W'	201130
13	'Picture'	'Y'	201490
13	'Picture'	'gK'	201851
13	'Picture'	'P'	202211
13	'Picture'	'X'	202571
13	'Picture'	'V'	202932
13	'Picture'	'WM'	203292
13	'Picture'	'rX'	204130
13	'Response'	'1'	204339.992000000
14	'Sound'	'correct'	204459.192000000
14	'Response'	'255'	204793.992000000
15	'Picture'	'nonWM'	204813
15	'Picture'	'V'	206125
15	'Picture'	'gW'	206485
15	'Picture'	'gS'	206845
15	'Picture'	'R'	207206
15	'Picture'	'gB'	207566
15	'Picture'	'N'	207927
15	'Picture'	'gP'	208287
15	'Picture'	'gZ'	208647
15	'Picture'	'WM'	209008
15	'Picture'	'rX'	210030
15	'Response'	'255'	210277.992000000
16	'Sound'	'correct'	210397.192000000
16	'Response'	'1'	210699.992000000
17	'Picture'	'nonWM'	210717
17	'Picture'	'C'	212029
17	'Picture'	'gV'	212389
17	'Picture'	'gW'	212750
17	'Picture'	'H'	213110
17	'Picture'	'gN'	213471
17	'Picture'	'gX'	213831
17	'Picture'	'R'	214191
17	'Picture'	'gM'	214552
17	'Picture'	'WM'	214912
17	'Picture'	'rR'	215528
17	'Response'	'1'	215748.992000000
18	'Sound'	'correct'	215868.192000000
18	'Response'	'255'	216684.992000000
19	'Picture'	'nonWM'	216702
19	'Picture'	'W'	218013
19	'Picture'	'L'	218374
19	'Picture'	'D'	218734
19	'Picture'	'J'	219094
19	'Picture'	'C'	219455
19	'Picture'	'gF'	219815
19	'Picture'	'V'	220175
19	'Picture'	'S'	220536
19	'Picture'	'WM'	220896
19	'Picture'	'rS'	221717
19	'Response'	'1'	221937.992000000
20	'Sound'	'correct'	222057.192000000
20	'Response'	'255'	222550.992000000
21	'Picture'	'nonWM'	222568
21	'Picture'	'gD'	223880
21	'Picture'	'gB'	224240
21	'Picture'	'gG'	224600
21	'Picture'	'J'	224961
21	'Picture'	'gW'	225321
21	'Picture'	'L'	225681
21	'Picture'	'gK'	226042
21	'Picture'	'C'	226402
21	'Picture'	'WM'	226763
21	'Picture'	'rL'	227387
21	'Response'	'1'	227566.992000000
22	'Sound'	'correct'	227686.192000000
22	'Response'	'255'	227882.992000000
23	'Picture'	'nonWM'	227898
23	'Picture'	'gP'	229210
23	'Picture'	'W'	229570
23	'Picture'	'F'	229931
23	'Picture'	'S'	230291
23	'Picture'	'Z'	230651
23	'Picture'	'T'	231012
23	'Picture'	'K'	231372
23	'Picture'	'Q'	231732
23	'Picture'	'WM'	232093
23	'Picture'	'rL'	232784
23	'Response'	'255'	233148.992000000
24	'Sound'	'correct'	233268.192000000
24	'Response'	'1'	234334.992000000
25	'Picture'	'nonWM'	234352
25	'Picture'	'B'	235663
25	'Picture'	'N'	236024
25	'Picture'	'R'	236384
25	'Picture'	'G'	236744
25	'Picture'	'Y'	237105
25	'Picture'	'Z'	237465
25	'Picture'	'M'	237825
25	'Picture'	'gX'	238186
25	'Picture'	'WM'	238546
25	'Picture'	'rZ'	239187
25	'Response'	'1'	239403.992000000
26	'Sound'	'correct'	239523.192000000
26	'Response'	'255'	241090.992000000
27	'Picture'	'nonWM'	241111
27	'Picture'	'Y'	242422
27	'Picture'	'gC'	242783
27	'Picture'	'gP'	243143
27	'Picture'	'K'	243503
27	'Picture'	'gR'	243864
27	'Picture'	'gW'	244224
27	'Picture'	'gH'	244585
27	'Picture'	'L'	244945
27	'Picture'	'WM'	245305
27	'Picture'	'rK'	246231
27	'Response'	'1'	246383.992000000
28	'Sound'	'correct'	246503.192000000
28	'Response'	'255'	247312.992000000
29	'Picture'	'nonWM'	247329
29	'Picture'	'K'	248641
29	'Picture'	'gS'	249001
29	'Picture'	'gP'	249362
29	'Picture'	'F'	249722
29	'Picture'	'D'	250082
29	'Picture'	'L'	250443
29	'Picture'	'gT'	250803
29	'Picture'	'Z'	251164
29	'Picture'	'WM'	251524
29	'Picture'	'rQ'	252085
29	'Response'	'255'	252269.992000000
30	'Sound'	'correct'	252389.192000000
30	'Response'	'1'	252585.992000000
31	'Picture'	'nonWM'	252605
31	'Picture'	'F'	253917
31	'Picture'	'gC'	254277
31	'Picture'	'J'	254637
31	'Picture'	'gQ'	254998
31	'Picture'	'gT'	255358
31	'Picture'	'S'	255718
31	'Picture'	'M'	256079
31	'Picture'	'N'	256439
31	'Picture'	'WM'	256800
31	'Picture'	'rZ'	257851
31	'Response'	'255'	258082.992000000
32	'Sound'	'correct'	258202.192000000
32	'Response'	'1'	258682.992000000
33	'Picture'	'nonWM'	258702
33	'Picture'	'Y'	260014
33	'Picture'	'D'	260374
33	'Picture'	'Q'	260734
33	'Picture'	'gV'	261095
33	'Picture'	'G'	261455
33	'Picture'	'L'	261815
33	'Picture'	'F'	262176
33	'Picture'	'S'	262536
33	'Picture'	'WM'	262897
33	'Picture'	'rG'	263571
33	'Response'	'1'	263843.992000000
34	'Sound'	'correct'	263963.192000000
34	'Response'	'1'	265358.992000000
35	'Picture'	'nonWM'	265377
35	'Picture'	'gS'	266689
35	'Picture'	'gN'	267049
35	'Picture'	'R'	267410
35	'Picture'	'X'	267770
35	'Picture'	'M'	268131
35	'Picture'	'gT'	268491
35	'Picture'	'gB'	268851
35	'Picture'	'gG'	269212
35	'Picture'	'WM'	269572
35	'Picture'	'rR'	270444
35	'Response'	'1'	270572.992000000
36	'Sound'	'correct'	270692.192000000
36	'Response'	'255'	271719.992000000
37	'Picture'	'nonWM'	271738
37	'Picture'	'gN'	273050
37	'Picture'	'gB'	273410
37	'Picture'	'T'	273771
37	'Picture'	'S'	274131
37	'Picture'	'X'	274492
37	'Picture'	'gC'	274852
37	'Picture'	'gQ'	275212
37	'Picture'	'gR'	275573
37	'Picture'	'WM'	275933
37	'Picture'	'rS'	276792
37	'Response'	'1'	277038.992000000
38	'Sound'	'correct'	277158.192000000
38	'Response'	'1'	277631.992000000
39	'Picture'	'nonWM'	277651
39	'Picture'	'gP'	278963
39	'Picture'	'X'	279323
39	'Picture'	'gB'	279684
39	'Picture'	'Z'	280044
39	'Picture'	'gH'	280404
39	'Picture'	'gV'	280765
39	'Picture'	'gR'	281125
39	'Picture'	'F'	281485
39	'Picture'	'WM'	281846
39	'Picture'	'rQ'	282596
39	'Response'	'255'	282778.992000000
40	'Sound'	'correct'	282898.192000000
40	'Response'	'1'	283437.992000000
41	'Picture'	'nonWM'	283455
41	'Picture'	'P'	284766
41	'Picture'	'gQ'	285127
41	'Picture'	'S'	285487
41	'Picture'	'W'	285848
41	'Picture'	'D'	286208
41	'Picture'	'F'	286568
41	'Picture'	'C'	286929
41	'Picture'	'H'	287289
41	'Picture'	'WM'	287650
41	'Picture'	'rX'	288223
41	'Response'	'255'	288460.992000000
42	'Sound'	'correct'	288580.192000000
42	'Response'	'1'	290206.992000000
43	'Picture'	'nonWM'	290227
43	'Picture'	'gM'	291538
43	'Picture'	'F'	291899
43	'Picture'	'G'	292259
43	'Picture'	'K'	292619
43	'Picture'	'Z'	292980
43	'Picture'	'gQ'	293340
43	'Picture'	'gY'	293700
43	'Picture'	'N'	294061
43	'Picture'	'WM'	294421
43	'Picture'	'rK'	295259
43	'Response'	'1'	295453.992000000
44	'Sound'	'correct'	295573.192000000
44	'Response'	'255'	296323.992000000
45	'Picture'	'nonWM'	296340
45	'Picture'	'gQ'	297652
45	'Picture'	'P'	298012
45	'Picture'	'H'	298373
45	'Picture'	'R'	298733
45	'Picture'	'X'	299094
45	'Picture'	'C'	299454
45	'Picture'	'S'	299814
45	'Picture'	'V'	300175
45	'Picture'	'WM'	300535
45	'Picture'	'rZ'	301331
45	'Response'	'1'	301622.992000000
46	'Sound'	'wrong'	301742.192000000
46	'Response'	'255'	303039.992000000
47	'Picture'	'nonWM'	303058
47	'Picture'	'gP'	304369
47	'Picture'	'gR'	304730
47	'Picture'	'K'	305090
47	'Picture'	'gW'	305450
47	'Picture'	'C'	305811
47	'Picture'	'gZ'	306171
47	'Picture'	'gY'	306531
47	'Picture'	'X'	306892
47	'Picture'	'WM'	307252
47	'Picture'	'rB'	307818
47	'Response'	'255'	308100.992000000
48	'Sound'	'correct'	308220.192000000
48	'Response'	'1'	308390.992000000
49	'Picture'	'nonWM'	308409
49	'Picture'	'Q'	309720
49	'Picture'	'M'	310081
49	'Picture'	'gC'	310441
49	'Picture'	'gX'	310802
49	'Picture'	'gS'	311162
49	'Picture'	'W'	311522
49	'Picture'	'R'	311883
49	'Picture'	'H'	312243
49	'Picture'	'WM'	312604
49	'Picture'	'rQ'	313580
49	'Response'	'1'	313801.992000000
50	'Sound'	'correct'	313921.192000000
50	'Response'	'1'	315640.992000000
1	'Picture'	'nonWM'	318316
1	'Picture'	'Z'	319627
1	'Picture'	'X'	319988
1	'Picture'	'S'	320348
1	'Picture'	'Y'	320708
1	'Picture'	'C'	321069
1	'Picture'	'V'	321429
1	'Picture'	'T'	321789
1	'Picture'	'gW'	322150
1	'Picture'	'WM'	322510
1	'Picture'	'rV'	323210
1	'Response'	'1'	323395.992000000
2	'Sound'	'correct'	323515.192000000
2	'Response'	'255'	323922.992000000
3	'Picture'	'nonWM'	323939
3	'Picture'	'F'	325251
3	'Picture'	'M'	325611
3	'Picture'	'B'	325972
3	'Picture'	'gN'	326332
3	'Picture'	'L'	326692
3	'Picture'	'X'	327053
3	'Picture'	'J'	327413
3	'Picture'	'Y'	327773
3	'Picture'	'WM'	328134
3	'Picture'	'rP'	329068
3	'Response'	'255'	329334.992000000
4	'Sound'	'correct'	329454.192000000
4	'Response'	'1'	330876.992000000
5	'Picture'	'nonWM'	330895
5	'Picture'	'gR'	332207
5	'Picture'	'gX'	332567
5	'Picture'	'S'	332927
5	'Picture'	'P'	333288
5	'Picture'	'N'	333648
5	'Picture'	'gD'	334009
5	'Picture'	'gG'	334369
5	'Picture'	'gJ'	334729
5	'Picture'	'WM'	335090
5	'Picture'	'rM'	335836
5	'Response'	'255'	336037.992000000
6	'Sound'	'correct'	336157.192000000
6	'Response'	'1'	337296.992000000
7	'Picture'	'nonWM'	337315
7	'Picture'	'gD'	338627
7	'Picture'	'gV'	338987
7	'Picture'	'G'	339347
7	'Picture'	'gH'	339708
7	'Picture'	'gP'	340068
7	'Picture'	'gJ'	340428
7	'Picture'	'M'	340789
7	'Picture'	'Z'	341149
7	'Picture'	'WM'	341510
7	'Picture'	'rY'	342151
7	'Response'	'255'	342312.992000000
8	'Sound'	'correct'	342432.192000000
8	'Response'	'1'	342615.992000000
9	'Picture'	'nonWM'	342633
9	'Picture'	'Y'	343944
9	'Picture'	'gW'	344305
9	'Picture'	'S'	344665
9	'Picture'	'J'	345025
9	'Picture'	'P'	345386
9	'Picture'	'C'	345746
9	'Picture'	'D'	346107
9	'Picture'	'K'	346467
9	'Picture'	'WM'	346827
9	'Picture'	'rC'	347766
9	'Response'	'1'	347921.992000000
10	'Sound'	'correct'	348041.192000000
10	'Response'	'255'	348844.992000000
11	'Picture'	'nonWM'	348864
11	'Picture'	'gZ'	350175
11	'Picture'	'W'	350536
11	'Picture'	'gT'	350896
11	'Picture'	'R'	351256
11	'Picture'	'H'	351617
11	'Picture'	'L'	351977
11	'Picture'	'D'	352338
11	'Picture'	'gJ'	352698
11	'Picture'	'WM'	353058
11	'Picture'	'rH'	353825
11	'Response'	'255'	353965.992000000
12	'Sound'	'wrong'	354085.192000000
12	'Response'	'1'	356088.992000000
13	'Picture'	'nonWM'	356105
13	'Picture'	'gK'	357417
13	'Picture'	'gH'	357777
13	'Picture'	'L'	358137
13	'Picture'	'V'	358498
13	'Picture'	'R'	358858
13	'Picture'	'gC'	359218
13	'Picture'	'gJ'	359579
13	'Picture'	'gY'	359939
13	'Picture'	'WM'	360299
13	'Picture'	'rR'	360861
13	'Response'	'1'	361077.992000000
14	'Sound'	'correct'	361197.192000000
14	'Response'	'1'	362290.992000000
15	'Picture'	'nonWM'	362307
15	'Picture'	'B'	363618
15	'Picture'	'gF'	363979
15	'Picture'	'gH'	364339
15	'Picture'	'R'	364699
15	'Picture'	'gZ'	365060
15	'Picture'	'G'	365420
15	'Picture'	'gM'	365781
15	'Picture'	'gV'	366141
15	'Picture'	'WM'	366501
15	'Picture'	'rB'	367381
15	'Response'	'1'	367537.992000000
16	'Sound'	'correct'	367657.192000000
16	'Response'	'255'	367846.992000000
17	'Picture'	'nonWM'	367863
17	'Picture'	'gP'	369175
17	'Picture'	'gM'	369535
17	'Picture'	'D'	369895
17	'Picture'	'gZ'	370256
17	'Picture'	'gB'	370616
17	'Picture'	'R'	370977
17	'Picture'	'gN'	371337
17	'Picture'	'G'	371697
17	'Picture'	'WM'	372058
17	'Picture'	'rF'	372829
17	'Response'	'255'	373087.992000000
18	'Sound'	'correct'	373207.192000000
18	'Response'	'1'	373377.992000000
19	'Picture'	'nonWM'	373395
19	'Picture'	'W'	374706
19	'Picture'	'D'	375066
19	'Picture'	'R'	375427
19	'Picture'	'Z'	375787
19	'Picture'	'M'	376148
19	'Picture'	'gT'	376508
19	'Picture'	'H'	376868
19	'Picture'	'L'	377229
19	'Picture'	'WM'	377589
19	'Picture'	'rW'	378620
19	'Response'	'1'	378755.992000000
20	'Sound'	'correct'	378875.192000000
20	'Response'	'255'	379144.992000000
21	'Picture'	'nonWM'	379161
21	'Picture'	'K'	380472
21	'Picture'	'G'	380833
21	'Picture'	'J'	381193
21	'Picture'	'Z'	381553
21	'Picture'	'H'	381914
21	'Picture'	'D'	382274
21	'Picture'	'gP'	382634
21	'Picture'	'V'	382995
21	'Picture'	'WM'	383355
21	'Picture'	'rG'	384248
21	'Response'	'1'	384456.992000000
22	'Sound'	'correct'	384577.192000000
22	'Response'	'255'	385036.992000000
23	'Picture'	'nonWM'	385056
23	'Picture'	'gC'	386368
23	'Picture'	'gP'	386728
23	'Picture'	'X'	387089
23	'Picture'	'gZ'	387449
23	'Picture'	'T'	387809
23	'Picture'	'Y'	388170
23	'Picture'	'J'	388530
23	'Picture'	'B'	388891
23	'Picture'	'WM'	389251
23	'Picture'	'rH'	390098
23	'Response'	'255'	390290.992000000
24	'Sound'	'correct'	390410.192000000
24	'Response'	'1'	390988.992000000
25	'Picture'	'nonWM'	391007
25	'Picture'	'P'	392319
25	'Picture'	'gY'	392679
25	'Picture'	'R'	393039
25	'Picture'	'T'	393400
25	'Picture'	'B'	393760
25	'Picture'	'G'	394120
25	'Picture'	'V'	394481
25	'Picture'	'M'	394841
25	'Picture'	'WM'	395202
25	'Picture'	'rP'	395972
25	'Response'	'1'	396162.992000000
26	'Sound'	'correct'	396282.192000000
26	'Response'	'1'	397296.992000000
27	'Picture'	'nonWM'	397314
27	'Picture'	'gD'	398625
27	'Picture'	'gC'	398986
27	'Picture'	'R'	399346
27	'Picture'	'gG'	399706
27	'Picture'	'Z'	400067
27	'Picture'	'gX'	400427
27	'Picture'	'gL'	400787
27	'Picture'	'K'	401148
27	'Picture'	'WM'	401508
27	'Picture'	'rK'	402359
27	'Response'	'1'	402562.992000000
28	'Sound'	'correct'	402682.192000000
28	'Response'	'1'	404098.992000000
29	'Picture'	'nonWM'	404115
29	'Picture'	'gG'	405426
29	'Picture'	'L'	405787
29	'Picture'	'X'	406147
29	'Picture'	'gP'	406507
29	'Picture'	'gH'	406868
29	'Picture'	'gM'	407228
29	'Picture'	'N'	407588
29	'Picture'	'gR'	407949
29	'Picture'	'WM'	408309
29	'Picture'	'rZ'	409047
29	'Response'	'255'	409233.992000000
30	'Sound'	'correct'	409353.192000000
30	'Response'	'1'	409885.992000000
31	'Picture'	'nonWM'	409901
31	'Picture'	'D'	411213
31	'Picture'	'Q'	411573
31	'Picture'	'G'	411934
31	'Picture'	'gM'	412294
31	'Picture'	'P'	412654
31	'Picture'	'gV'	413015
31	'Picture'	'gF'	413375
31	'Picture'	'T'	413736
31	'Picture'	'WM'	414096
31	'Picture'	'rB'	414674
31	'Response'	'1'	414954.992000000
32	'Sound'	'wrong'	415074.192000000
32	'Response'	'255'	415969.992000000
33	'Picture'	'nonWM'	415986
33	'Picture'	'J'	417298
33	'Picture'	'T'	417658
33	'Picture'	'L'	418018
33	'Picture'	'X'	418379
33	'Picture'	'S'	418739
33	'Picture'	'G'	419099
33	'Picture'	'Q'	419460
33	'Picture'	'gR'	419820
33	'Picture'	'WM'	420181
33	'Picture'	'rY'	420847
33	'Response'	'255'	421018.992000000
34	'Sound'	'correct'	421138.192000000
34	'Response'	'1'	421657.992000000
35	'Picture'	'nonWM'	421677
35	'Picture'	'gZ'	422988
35	'Picture'	'gC'	423349
35	'Picture'	'R'	423709
35	'Picture'	'F'	424069
35	'Picture'	'Q'	424430
35	'Picture'	'V'	424790
35	'Picture'	'P'	425150
35	'Picture'	'gN'	425511
35	'Picture'	'WM'	425871
35	'Picture'	'rF'	426827
35	'Response'	'1'	427016.992000000
36	'Sound'	'correct'	427136.192000000
36	'Response'	'255'	427701.992000000
37	'Picture'	'nonWM'	427719
37	'Picture'	'H'	429031
37	'Picture'	'B'	429391
37	'Picture'	'Q'	429751
37	'Picture'	'gK'	430112
37	'Picture'	'S'	430472
37	'Picture'	'R'	430833
37	'Picture'	'gT'	431193
37	'Picture'	'gJ'	431553
37	'Picture'	'WM'	431914
37	'Picture'	'rQ'	432794
37	'Response'	'1'	432941.992000000
38	'Sound'	'correct'	433061.192000000
38	'Response'	'1'	434477.992000000
39	'Picture'	'nonWM'	434495
39	'Picture'	'Y'	435807
39	'Picture'	'S'	436167
39	'Picture'	'N'	436527
39	'Picture'	'M'	436888
39	'Picture'	'F'	437248
39	'Picture'	'Q'	437608
39	'Picture'	'H'	437969
39	'Picture'	'gW'	438329
39	'Picture'	'WM'	438690
39	'Picture'	'rN'	439360
39	'Response'	'1'	439565.992000000
40	'Sound'	'correct'	439685.192000000
40	'Response'	'255'	440139.992000000
41	'Picture'	'nonWM'	440156
41	'Picture'	'J'	441468
41	'Picture'	'S'	441828
41	'Picture'	'Y'	442189
41	'Picture'	'gT'	442549
41	'Picture'	'gP'	442909
41	'Picture'	'F'	443270
41	'Picture'	'gM'	443630
41	'Picture'	'K'	443990
41	'Picture'	'WM'	444351
41	'Picture'	'rV'	444942
41	'Response'	'255'	445155.992000000
42	'Sound'	'correct'	445275.192000000
42	'Response'	'1'	445484.992000000
43	'Picture'	'nonWM'	445503
43	'Picture'	'L'	446815
43	'Picture'	'F'	447175
43	'Picture'	'gM'	447536
43	'Picture'	'gJ'	447896
43	'Picture'	'K'	448256
43	'Picture'	'gN'	448617
43	'Picture'	'R'	448977
43	'Picture'	'H'	449337
43	'Picture'	'WM'	449698
43	'Picture'	'rG'	450632
43	'Response'	'255'	450816.992000000
44	'Sound'	'correct'	450936.192000000
44	'Response'	'1'	451726.992000000
45	'Picture'	'nonWM'	451743
45	'Picture'	'gJ'	453054
45	'Picture'	'T'	453415
45	'Picture'	'V'	453775
45	'Picture'	'D'	454135
45	'Picture'	'X'	454496
45	'Picture'	'G'	454856
45	'Picture'	'N'	455217
45	'Picture'	'R'	455577
45	'Picture'	'WM'	455937
45	'Picture'	'rR'	456838
45	'Response'	'1'	456999.992000000
46	'Sound'	'correct'	457119.192000000
46	'Response'	'255'	457236.992000000
47	'Picture'	'nonWM'	457253
47	'Picture'	'gH'	458565
47	'Picture'	'M'	458925
47	'Picture'	'gW'	459286
47	'Picture'	'gN'	459646
47	'Picture'	'G'	460006
47	'Picture'	'gB'	460367
47	'Picture'	'T'	460727
47	'Picture'	'gL'	461087
47	'Picture'	'WM'	461448
47	'Picture'	'rT'	462022
47	'Response'	'1'	462153.992000000
48	'Sound'	'correct'	462273.192000000
48	'Response'	'1'	464032.992000000
49	'Picture'	'nonWM'	464050
49	'Picture'	'V'	465362
49	'Picture'	'W'	465722
49	'Picture'	'gQ'	466082
49	'Picture'	'S'	466443
49	'Picture'	'gT'	466803
49	'Picture'	'Z'	467163
49	'Picture'	'K'	467524
49	'Picture'	'gX'	467884
49	'Picture'	'WM'	468245
49	'Picture'	'rW'	469049
49	'Response'	'1'	469272.992000000
50	'Sound'	'correct'	469392.192000000
50	'Response'	'255'	469983.992000000
1	'Picture'	'nonWM'	472592
1	'Picture'	'L'	473904
1	'Picture'	'C'	474264
1	'Picture'	'gZ'	474625
1	'Picture'	'M'	474985
1	'Picture'	'T'	475346
1	'Picture'	'B'	475706
1	'Picture'	'G'	476066
1	'Picture'	'K'	476431
1	'Picture'	'WM'	476791
1	'Picture'	'rD'	477621
1	'Response'	'255'	477792.992000000
2	'Sound'	'correct'	477912.192000000
2	'Response'	'1'	478168.992000000
3	'Picture'	'nonWM'	478187
3	'Picture'	'gJ'	479498
3	'Picture'	'Q'	479859
3	'Picture'	'gK'	480219
3	'Picture'	'F'	480580
3	'Picture'	'Z'	480940
3	'Picture'	'W'	481300
3	'Picture'	'gM'	481661
3	'Picture'	'H'	482021
3	'Picture'	'WM'	482381
3	'Picture'	'rB'	483136
3	'Response'	'255'	483282.992000000
4	'Sound'	'correct'	483402.192000000
4	'Response'	'1'	483658.992000000
5	'Picture'	'nonWM'	483676
5	'Picture'	'K'	484988
5	'Picture'	'gC'	485348
5	'Picture'	'gZ'	485708
5	'Picture'	'M'	486069
5	'Picture'	'L'	486429
5	'Picture'	'gF'	486790
5	'Picture'	'G'	487150
5	'Picture'	'Y'	487510
5	'Picture'	'WM'	487871
5	'Picture'	'rL'	488847
5	'Response'	'1'	489036.992000000
6	'Sound'	'correct'	489156.192000000
6	'Response'	'255'	489306.992000000
7	'Picture'	'nonWM'	489325
7	'Picture'	'gD'	490636
7	'Picture'	'gN'	490997
7	'Picture'	'gK'	491357
7	'Picture'	'H'	491718
7	'Picture'	'gJ'	492078
7	'Picture'	'C'	492438
7	'Picture'	'gB'	492799
7	'Picture'	'M'	493159
7	'Picture'	'WM'	493520
7	'Picture'	'rS'	494328
7	'Response'	'255'	494513.992000000
8	'Sound'	'correct'	494633.192000000
8	'Response'	'1'	494836.992000000
9	'Picture'	'nonWM'	494856
9	'Picture'	'gS'	496168
9	'Picture'	'gT'	496528
9	'Picture'	'gG'	496889
9	'Picture'	'N'	497249
9	'Picture'	'W'	497609
9	'Picture'	'J'	497970
9	'Picture'	'gF'	498330
9	'Picture'	'gH'	498691
9	'Picture'	'WM'	499055
9	'Picture'	'rN'	499994
9	'Response'	'1'	500168.992000000
10	'Sound'	'correct'	500288.192000000
10	'Response'	'255'	500412.992000000
11	'Picture'	'nonWM'	500430
11	'Picture'	'Z'	501741
11	'Picture'	'N'	502102
11	'Picture'	'K'	502462
11	'Picture'	'G'	502822
11	'Picture'	'B'	503183
11	'Picture'	'M'	503543
11	'Picture'	'Y'	503903
11	'Picture'	'gR'	504264
11	'Picture'	'WM'	504624
11	'Picture'	'rK'	505445
11	'Response'	'1'	505573.992000000
12	'Sound'	'correct'	505693.192000000
12	'Response'	'255'	506634.992000000
13	'Picture'	'nonWM'	506652
13	'Picture'	'F'	507964
13	'Picture'	'W'	508324
13	'Picture'	'C'	508685
13	'Picture'	'gR'	509045
13	'Picture'	'N'	509405
13	'Picture'	'Q'	509766
13	'Picture'	'H'	510126
13	'Picture'	'S'	510486
13	'Picture'	'WM'	510847
13	'Picture'	'rJ'	511895
13	'Response'	'255'	512177.992000000
14	'Sound'	'correct'	512297.192000000
14	'Response'	'1'	512579.992000000
15	'Picture'	'nonWM'	512598
15	'Picture'	'K'	513910
15	'Picture'	'gG'	514270
15	'Picture'	'D'	514631
15	'Picture'	'H'	514991
15	'Picture'	'R'	515351
15	'Picture'	'T'	515712
15	'Picture'	'V'	516072
15	'Picture'	'N'	516433
15	'Picture'	'WM'	516793
15	'Picture'	'rD'	517459
15	'Response'	'1'	517667.992000000
16	'Sound'	'correct'	517787.192000000
16	'Response'	'255'	518142.992000000
17	'Picture'	'nonWM'	518159
17	'Picture'	'gY'	519471
17	'Picture'	'T'	519831
17	'Picture'	'gW'	520192
17	'Picture'	'gN'	520552
17	'Picture'	'gJ'	520912
17	'Picture'	'V'	521273
17	'Picture'	'Z'	521633
17	'Picture'	'gC'	521993
17	'Picture'	'WM'	522354
17	'Picture'	'rB'	523351
17	'Response'	'255'	523520.992000000
18	'Sound'	'correct'	523640.192000000
18	'Response'	'1'	523876.992000000
19	'Picture'	'nonWM'	523896
19	'Picture'	'V'	525208
19	'Picture'	'L'	525568
19	'Picture'	'S'	525928
19	'Picture'	'gM'	526289
19	'Picture'	'R'	526649
19	'Picture'	'gD'	527009
19	'Picture'	'N'	527370
19	'Picture'	'gQ'	527730
19	'Picture'	'WM'	528090
19	'Picture'	'rK'	528677
19	'Response'	'255'	528878.992000000
20	'Sound'	'correct'	528998.192000000
20	'Response'	'1'	529247.992000000
21	'Picture'	'nonWM'	529264
21	'Picture'	'M'	530575
21	'Picture'	'R'	530936
21	'Picture'	'L'	531296
21	'Picture'	'gX'	531657
21	'Picture'	'gG'	532017
21	'Picture'	'W'	532377
21	'Picture'	'F'	532738
21	'Picture'	'gD'	533098
21	'Picture'	'WM'	533458
21	'Picture'	'rF'	534062
21	'Response'	'1'	534203.992000000
22	'Sound'	'correct'	534323.192000000
22	'Response'	'255'	534421.992000000
23	'Picture'	'nonWM'	534439
23	'Picture'	'R'	535750
23	'Picture'	'gB'	536111
23	'Picture'	'Y'	536471
23	'Picture'	'C'	536832
23	'Picture'	'gQ'	537192
23	'Picture'	'gF'	537552
23	'Picture'	'N'	537913
23	'Picture'	'L'	538273
23	'Picture'	'WM'	538633
23	'Picture'	'rZ'	539317
23	'Response'	'255'	539456.992000000
24	'Sound'	'correct'	539576.192000000
24	'Response'	'255'	540168.992000000
25	'Picture'	'nonWM'	540188
25	'Picture'	'P'	541500
25	'Picture'	'L'	541860
25	'Picture'	'H'	542220
25	'Picture'	'K'	542581
25	'Picture'	'B'	542941
25	'Picture'	'Q'	543302
25	'Picture'	'gT'	543662
25	'Picture'	'J'	544022
25	'Picture'	'WM'	544383
25	'Picture'	'rH'	545430
25	'Response'	'1'	545559.992000000
26	'Sound'	'correct'	545679.192000000
26	'Response'	'255'	546805.992000000
27	'Picture'	'nonWM'	546822
27	'Picture'	'G'	548133
27	'Picture'	'gK'	548493
27	'Picture'	'M'	548854
27	'Picture'	'D'	549214
27	'Picture'	'gR'	549575
27	'Picture'	'gC'	549935
27	'Picture'	'B'	550295
27	'Picture'	'Y'	550656
27	'Picture'	'WM'	551016
27	'Picture'	'rY'	551925
27	'Response'	'1'	552084.992000000
28	'Sound'	'correct'	552204.192000000
28	'Response'	'255'	552486.992000000
29	'Picture'	'nonWM'	552504
29	'Picture'	'L'	553815
29	'Picture'	'K'	554176
29	'Picture'	'G'	554536
29	'Picture'	'Z'	554897
29	'Picture'	'H'	555257
29	'Picture'	'W'	555617
29	'Picture'	'gM'	555978
29	'Picture'	'D'	556338
29	'Picture'	'WM'	556699
29	'Picture'	'rQ'	557704
29	'Response'	'1'	557851.992000000
30	'Sound'	'wrong'	557971.192000000
30	'Response'	'255'	558411.992000000
31	'Picture'	'nonWM'	558429
31	'Picture'	'gD'	559741
31	'Picture'	'gH'	560101
31	'Picture'	'gG'	560461
31	'Picture'	'C'	560822
31	'Picture'	'S'	561182
31	'Picture'	'N'	561543
31	'Picture'	'gM'	561903
31	'Picture'	'gF'	562263
31	'Picture'	'WM'	562624
31	'Picture'	'rS'	563608
31	'Response'	'1'	563776.992000000
32	'Sound'	'correct'	563896.192000000
32	'Response'	'255'	564824.992000000
33	'Picture'	'nonWM'	564841
33	'Picture'	'gS'	566152
33	'Picture'	'G'	566513
33	'Picture'	'gN'	566873
33	'Picture'	'gB'	567233
33	'Picture'	'L'	567594
33	'Picture'	'gQ'	567954
33	'Picture'	'gZ'	568314
33	'Picture'	'P'	568675
33	'Picture'	'WM'	569035
33	'Picture'	'rX'	569890
33	'Response'	'255'	570043.992000000
34	'Sound'	'correct'	570163.192000000
34	'Response'	'1'	570360.992000000
35	'Picture'	'nonWM'	570380
35	'Picture'	'gF'	571692
35	'Picture'	'S'	572052
35	'Picture'	'gM'	572413
35	'Picture'	'gD'	572773
35	'Picture'	'Y'	573133
35	'Picture'	'N'	573494
35	'Picture'	'gQ'	573854
35	'Picture'	'gK'	574214
35	'Picture'	'WM'	574575
35	'Picture'	'rR'	575321
35	'Response'	'255'	575547.992000000
36	'Sound'	'correct'	575667.192000000
36	'Response'	'1'	575982.992000000
37	'Picture'	'nonWM'	576000
37	'Picture'	'gM'	577311
37	'Picture'	'V'	577672
37	'Picture'	'G'	578032
37	'Picture'	'F'	578392
37	'Picture'	'gR'	578753
37	'Picture'	'X'	579113
37	'Picture'	'W'	579473
37	'Picture'	'gY'	579834
37	'Picture'	'WM'	580194
37	'Picture'	'rJ'	581007
37	'Response'	'255'	581201.992000000
38	'Sound'	'correct'	581321.192000000
38	'Response'	'1'	581564.992000000
39	'Picture'	'nonWM'	581581
39	'Picture'	'Y'	582893
39	'Picture'	'gV'	583253
39	'Picture'	'F'	583613
39	'Picture'	'R'	583974
39	'Picture'	'C'	584334
39	'Picture'	'Z'	584695
39	'Picture'	'Q'	585055
39	'Picture'	'D'	585415
39	'Picture'	'WM'	585776
39	'Picture'	'rK'	586802
39	'Response'	'255'	587008.992000000
40	'Sound'	'correct'	587128.192000000
40	'Response'	'1'	587528.992000000
41	'Picture'	'nonWM'	587548
41	'Picture'	'gQ'	588860
41	'Picture'	'gW'	589220
41	'Picture'	'C'	589581
41	'Picture'	'K'	589941
41	'Picture'	'J'	590301
41	'Picture'	'gP'	590662
41	'Picture'	'V'	591022
41	'Picture'	'M'	591383
41	'Picture'	'WM'	591743
41	'Picture'	'rM'	592506
41	'Response'	'1'	592629.992000000
42	'Sound'	'correct'	592749.192000000
42	'Response'	'255'	592886.992000000
43	'Picture'	'nonWM'	592904
43	'Picture'	'gZ'	594215
43	'Picture'	'M'	594576
43	'Picture'	'gP'	594936
43	'Picture'	'gN'	595296
43	'Picture'	'F'	595657
43	'Picture'	'L'	596017
43	'Picture'	'gD'	596378
43	'Picture'	'gH'	596738
43	'Picture'	'WM'	597098
43	'Picture'	'rJ'	597698
43	'Response'	'255'	597902.992000000
44	'Sound'	'correct'	598022.192000000
44	'Response'	'1'	598271.992000000
45	'Picture'	'nonWM'	598288
45	'Picture'	'H'	599600
45	'Picture'	'W'	599960
45	'Picture'	'gZ'	600321
45	'Picture'	'gQ'	600681
45	'Picture'	'gF'	601042
45	'Picture'	'T'	601402
45	'Picture'	'S'	601762
45	'Picture'	'M'	602123
45	'Picture'	'WM'	602483
45	'Picture'	'rB'	603187
45	'Response'	'255'	603431.992000000
46	'Sound'	'correct'	603551.192000000
46	'Response'	'1'	603939.992000000
47	'Picture'	'nonWM'	603958
47	'Picture'	'Z'	605270
47	'Picture'	'P'	605630
47	'Picture'	'W'	605990
47	'Picture'	'Q'	606351
47	'Picture'	'gB'	606711
47	'Picture'	'G'	607071
47	'Picture'	'J'	607432
47	'Picture'	'M'	607792
47	'Picture'	'WM'	608152
47	'Picture'	'rV'	608764
47	'Response'	'255'	608981.992000000
48	'Sound'	'correct'	609101.192000000
48	'Response'	'1'	610457.992000000
49	'Picture'	'nonWM'	610474
49	'Picture'	'gZ'	611786
49	'Picture'	'K'	612146
49	'Picture'	'gH'	612507
49	'Picture'	'P'	612867
49	'Picture'	'C'	613227
49	'Picture'	'gS'	613588
49	'Picture'	'gV'	613948
49	'Picture'	'gX'	614308
49	'Picture'	'WM'	614669
49	'Picture'	'rC'	615444
49	'Response'	'1'	615604.992000000
50	'Sound'	'correct'	615724.192000000
50	'Response'	'255'	616224.992000000