pres_trial	stimulus	type	latency	event_type	task_role	letter
1	Picture	nonWM	1430.0	show_cross	ready	n/a
1	Picture	gD	2741.0	show_letter	non_target	D
1	Picture	gM	3102.0	show_letter	non_target	M
1	Picture	gB	3462.0	show_letter	non_target	B
1	Picture	Y	3822.0	show_letter	target	Y
1	Picture	gH	4183.0	show_letter	non_target	H
1	Picture	Q	4543.0	show_letter	target	Q
1	Picture	C	4903.0	show_letter	target	C
1	Picture	gG	5264.0	show_letter	non_target	G
1	Picture	WM	5624.0	show_dash	work_memory	n/a
1	Picture	rC	6521.0	show_letter	probe	C
1	Response	1	6848.992	right_click	in_group	n/a
2	Sound	correct	6968.192	sound_beep	correct_feedback	n/a
2	Response	1	7593.992	right_click	in_group	n/a
3	Picture	nonWM	7611.0	show_cross	ready	n/a
3	Picture	J	8922.0	show_letter	target	J
3	Picture	C	9283.0	show_letter	target	C
3	Picture	F	9643.0	show_letter	target	F
3	Picture	M	10003.0	show_letter	target	M
3	Picture	gL	10364.0	show_letter	non_target	L
3	Picture	K	10724.0	show_letter	target	K
3	Picture	Q	11084.0	show_letter	target	Q
3	Picture	W	11445.0	show_letter	target	W
3	Picture	WM	11805.0	show_dash	work_memory	n/a
3	Picture	rB	12430.0	show_letter	probe	B
3	Response	255	12688.992	response	unknown	n/a
4	Sound	correct	12808.192	sound_beep	correct_feedback	n/a
4	Response	1	13340.992	right_click	in_group	n/a
5	Picture	nonWM	13360.0	show_cross	ready	n/a
5	Picture	gD	14671.0	show_letter	non_target	D
5	Picture	Y	15032.0	show_letter	target	Y
5	Picture	gT	15392.0	show_letter	non_target	T
5	Picture	gJ	15753.0	show_letter	non_target	J
5	Picture	gM	16113.0	show_letter	non_target	M
5	Picture	K	16473.0	show_letter	target	K
5	Picture	B	16834.0	show_letter	target	B
5	Picture	gF	17194.0	show_letter	non_target	F
5	Picture	WM	17554.0	show_dash	work_memory	n/a
5	Picture	rB	18422.0	show_letter	probe	B
5	Response	1	18686.992	right_click	in_group	n/a
6	Sound	correct	18806.192	sound_beep	correct_feedback	n/a
6	Response	255	18976.992	response	unknown	n/a
7	Picture	nonWM	18996.0	show_cross	ready	n/a
7	Picture	gC	20307.0	show_letter	non_target	C
7	Picture	Z	20668.0	show_letter	target	Z
7	Picture	L	21028.0	show_letter	target	L
7	Picture	K	21389.0	show_letter	target	K
7	Picture	R	21749.0	show_letter	target	R
7	Picture	G	22109.0	show_letter	target	G
7	Picture	B	22470.0	show_letter	target	B
7	Picture	T	22830.0	show_letter	target	T
7	Picture	WM	23190.0	show_dash	work_memory	n/a
7	Picture	rZ	23765.0	show_letter	probe	Z
7	Response	1	24024.992	right_click	in_group	n/a
8	Sound	correct	24144.192	sound_beep	correct_feedback	n/a
8	Response	1	24927.992	right_click	in_group	n/a
9	Picture	nonWM	24946.0	show_cross	ready	n/a
9	Picture	X	26258.0	show_letter	target	X
9	Picture	gC	26618.0	show_letter	non_target	C
9	Picture	J	26979.0	show_letter	target	J
9	Picture	H	27339.0	show_letter	target	H
9	Picture	N	27699.0	show_letter	target	N
9	Picture	D	28060.0	show_letter	target	D
9	Picture	P	28420.0	show_letter	target	P
9	Picture	S	28781.0	show_letter	target	S
9	Picture	WM	29141.0	show_dash	work_memory	n/a
9	Picture	rL	30080.0	show_letter	probe	L
9	Response	255	30417.992	response	unknown	n/a
10	Sound	correct	30537.192	sound_beep	correct_feedback	n/a
10	Response	1	30701.992	right_click	in_group	n/a
11	Picture	nonWM	30721.0	show_cross	ready	n/a
11	Picture	gF	32032.0	show_letter	non_target	F
11	Picture	gB	32393.0	show_letter	non_target	B
11	Picture	gC	32753.0	show_letter	non_target	C
11	Picture	R	33113.0	show_letter	target	R
11	Picture	M	33474.0	show_letter	target	M
11	Picture	gJ	33834.0	show_letter	non_target	J
11	Picture	gH	34195.0	show_letter	non_target	H
11	Picture	T	34555.0	show_letter	target	T
11	Picture	WM	34915.0	show_dash	work_memory	n/a
11	Picture	rS	35548.0	show_letter	probe	S
11	Response	255	35822.992	response	unknown	n/a
12	Sound	correct	35942.192	sound_beep	correct_feedback	n/a
12	Response	1	36435.992	right_click	in_group	n/a
13	Picture	nonWM	36453.0	show_cross	ready	n/a
13	Picture	gS	37765.0	show_letter	non_target	S
13	Picture	Z	38125.0	show_letter	target	Z
13	Picture	F	38486.0	show_letter	target	F
13	Picture	gD	38846.0	show_letter	non_target	D
13	Picture	gG	39206.0	show_letter	non_target	G
13	Picture	W	39567.0	show_letter	target	W
13	Picture	gV	39927.0	show_letter	non_target	V
13	Picture	gQ	40287.0	show_letter	non_target	Q
13	Picture	WM	40648.0	show_dash	work_memory	n/a
13	Picture	rL	41490.0	show_letter	probe	L
13	Response	255	41727.992	response	unknown	n/a
14	Sound	correct	41847.192	sound_beep	correct_feedback	n/a
14	Response	1	42762.992	right_click	in_group	n/a
15	Picture	nonWM	42781.0	show_cross	ready	n/a
15	Picture	gJ	44092.0	show_letter	non_target	J
15	Picture	gC	44453.0	show_letter	non_target	C
15	Picture	gL	44813.0	show_letter	non_target	L
15	Picture	S	45173.0	show_letter	target	S
15	Picture	G	45534.0	show_letter	target	G
15	Picture	V	45894.0	show_letter	target	V
15	Picture	gR	46255.0	show_letter	non_target	R
15	Picture	gT	46615.0	show_letter	non_target	T
15	Picture	WM	46975.0	show_dash	work_memory	n/a
15	Picture	rV	47587.0	show_letter	probe	V
15	Response	1	47949.992	right_click	in_group	n/a
16	Sound	correct	48069.192	sound_beep	correct_feedback	n/a
16	Response	255	49083.992	response	unknown	n/a
17	Picture	nonWM	49100.0	show_cross	ready	n/a
17	Picture	Q	50412.0	show_letter	target	Q
17	Picture	gP	50772.0	show_letter	non_target	P
17	Picture	J	51132.0	show_letter	target	J
17	Picture	gT	51493.0	show_letter	non_target	T
17	Picture	gZ	51853.0	show_letter	non_target	Z
17	Picture	gK	52213.0	show_letter	non_target	K
17	Picture	D	52574.0	show_letter	target	D
17	Picture	gC	52934.0	show_letter	non_target	C
17	Picture	WM	53294.0	show_dash	work_memory	n/a
17	Picture	rJ	54095.0	show_letter	probe	J
17	Response	1	54382.992	right_click	in_group	n/a
18	Sound	correct	54502.192	sound_beep	correct_feedback	n/a
18	Response	1	55812.992	right_click	in_group	n/a
19	Picture	nonWM	55830.0	show_cross	ready	n/a
19	Picture	P	57141.0	show_letter	target	P
19	Picture	gT	57502.0	show_letter	non_target	T
19	Picture	gZ	57862.0	show_letter	non_target	Z
19	Picture	gQ	58222.0	show_letter	non_target	Q
19	Picture	V	58583.0	show_letter	target	V
19	Picture	gB	58943.0	show_letter	non_target	B
19	Picture	X	59303.0	show_letter	target	X
19	Picture	gG	59664.0	show_letter	non_target	G
19	Picture	WM	60024.0	show_dash	work_memory	n/a
19	Picture	rV	60757.0	show_letter	probe	V
19	Response	1	61045.992	right_click	in_group	n/a
20	Sound	correct	61165.192	sound_beep	correct_feedback	n/a
20	Response	1	63484.992	right_click	in_group	n/a
21	Picture	nonWM	63502.0	show_cross	ready	n/a
21	Picture	L	64814.0	show_letter	target	L
21	Picture	gG	65174.0	show_letter	non_target	G
21	Picture	Q	65535.0	show_letter	target	Q
21	Picture	F	65895.0	show_letter	target	F
21	Picture	Z	66255.0	show_letter	target	Z
21	Picture	T	66616.0	show_letter	target	T
21	Picture	gR	66976.0	show_letter	non_target	R
21	Picture	gM	67337.0	show_letter	non_target	M
21	Picture	WM	67697.0	show_dash	work_memory	n/a
21	Picture	rL	68678.0	show_letter	probe	L
21	Response	1	68915.992	right_click	in_group	n/a
22	Sound	correct	69035.192	sound_beep	correct_feedback	n/a
22	Response	1	71030.992	right_click	in_group	n/a
23	Picture	nonWM	71049.0	show_cross	ready	n/a
23	Picture	gS	72361.0	show_letter	non_target	S
23	Picture	C	72721.0	show_letter	target	C
23	Picture	G	73082.0	show_letter	target	G
23	Picture	P	73442.0	show_letter	target	P
23	Picture	gF	73802.0	show_letter	non_target	F
23	Picture	M	74163.0	show_letter	target	M
23	Picture	gJ	74523.0	show_letter	non_target	J
23	Picture	L	74884.0	show_letter	target	L
23	Picture	WM	75244.0	show_dash	work_memory	n/a
23	Picture	rG	76048.0	show_letter	probe	G
23	Response	1	76277.992	right_click	in_group	n/a
24	Sound	correct	76397.192	sound_beep	correct_feedback	n/a
24	Response	1	77522.992	right_click	in_group	n/a
25	Picture	nonWM	77540.0	show_cross	ready	n/a
25	Picture	gB	78852.0	show_letter	non_target	B
25	Picture	gH	79212.0	show_letter	non_target	H
25	Picture	D	79573.0	show_letter	target	D
25	Picture	R	79933.0	show_letter	target	R
25	Picture	N	80293.0	show_letter	target	N
25	Picture	Z	80654.0	show_letter	target	Z
25	Picture	V	81014.0	show_letter	target	V
25	Picture	gL	81374.0	show_letter	non_target	L
25	Picture	WM	81735.0	show_dash	work_memory	n/a
25	Picture	rR	82539.0	show_letter	probe	R
25	Response	1	82722.992	right_click	in_group	n/a
26	Sound	correct	82843.192	sound_beep	correct_feedback	n/a
26	Response	1	85227.992	right_click	in_group	n/a
27	Picture	nonWM	85247.0	show_cross	ready	n/a
27	Picture	W	86558.0	show_letter	target	W
27	Picture	Z	86918.0	show_letter	target	Z
27	Picture	V	87279.0	show_letter	target	V
27	Picture	D	87639.0	show_letter	target	D
27	Picture	gF	88000.0	show_letter	non_target	F
27	Picture	X	88360.0	show_letter	target	X
27	Picture	M	88720.0	show_letter	target	M
27	Picture	Y	89081.0	show_letter	target	Y
27	Picture	WM	89441.0	show_dash	work_memory	n/a
27	Picture	rG	90116.0	show_letter	probe	G
27	Response	255	90408.992	response	unknown	n/a
28	Sound	correct	90528.192	sound_beep	correct_feedback	n/a
28	Response	1	92339.992	right_click	in_group	n/a
29	Picture	nonWM	92357.0	show_cross	ready	n/a
29	Picture	gJ	93669.0	show_letter	non_target	J
29	Picture	gQ	94029.0	show_letter	non_target	Q
29	Picture	D	94390.0	show_letter	target	D
29	Picture	H	94750.0	show_letter	target	H
29	Picture	gX	95111.0	show_letter	non_target	X
29	Picture	G	95471.0	show_letter	target	G
29	Picture	gC	95831.0	show_letter	non_target	C
29	Picture	gW	96192.0	show_letter	non_target	W
29	Picture	WM	96552.0	show_dash	work_memory	n/a
29	Picture	rD	97445.0	show_letter	probe	D
29	Response	1	97625.992	right_click	in_group	n/a
30	Sound	correct	97745.192	sound_beep	correct_feedback	n/a
30	Response	1	99800.992	right_click	in_group	n/a
31	Picture	nonWM	99817.0	show_cross	ready	n/a
31	Picture	K	101128.0	show_letter	target	K
31	Picture	gW	101489.0	show_letter	non_target	W
31	Picture	Z	101849.0	show_letter	target	Z
31	Picture	gQ	102209.0	show_letter	non_target	Q
31	Picture	D	102570.0	show_letter	target	D
31	Picture	C	102930.0	show_letter	target	C
31	Picture	gM	103290.0	show_letter	non_target	M
31	Picture	P	103651.0	show_letter	target	P
31	Picture	WM	104011.0	show_dash	work_memory	n/a
31	Picture	rJ	104665.0	show_letter	probe	J
31	Response	255	105020.992	response	unknown	n/a
32	Sound	correct	105140.192	sound_beep	correct_feedback	n/a
32	Response	1	106483.992	right_click	in_group	n/a
33	Picture	nonWM	106500.0	show_cross	ready	n/a
33	Picture	D	107812.0	show_letter	target	D
33	Picture	gC	108172.0	show_letter	non_target	C
33	Picture	L	108533.0	show_letter	target	L
33	Picture	S	108893.0	show_letter	target	S
33	Picture	J	109253.0	show_letter	target	J
33	Picture	gK	109614.0	show_letter	non_target	K
33	Picture	H	109974.0	show_letter	target	H
33	Picture	gV	110335.0	show_letter	non_target	V
33	Picture	WM	110695.0	show_dash	work_memory	n/a
33	Picture	rL	111613.0	show_letter	probe	L
33	Response	1	111829.992	right_click	in_group	n/a
34	Sound	correct	111949.192	sound_beep	correct_feedback	n/a
34	Response	255	112527.992	response	unknown	n/a
35	Picture	nonWM	112547.0	show_cross	ready	n/a
35	Picture	W	113859.0	show_letter	target	W
35	Picture	K	114219.0	show_letter	target	K
35	Picture	M	114579.0	show_letter	target	M
35	Picture	C	114940.0	show_letter	target	C
35	Picture	Q	115300.0	show_letter	target	Q
35	Picture	gG	115660.0	show_letter	non_target	G
35	Picture	B	116021.0	show_letter	target	B
35	Picture	T	116381.0	show_letter	target	T
35	Picture	WM	116742.0	show_dash	work_memory	n/a
35	Picture	rB	117374.0	show_letter	probe	B
35	Response	1	117649.992	right_click	in_group	n/a
36	Sound	correct	117769.192	sound_beep	correct_feedback	n/a
36	Response	255	118176.992	response	unknown	n/a
37	Picture	nonWM	118196.0	show_cross	ready	n/a
37	Picture	M	119507.0	show_letter	target	M
37	Picture	gG	119868.0	show_letter	non_target	G
37	Picture	L	120228.0	show_letter	target	L
37	Picture	Z	120588.0	show_letter	target	Z
37	Picture	B	120949.0	show_letter	target	B
37	Picture	Y	121309.0	show_letter	target	Y
37	Picture	gR	121670.0	show_letter	non_target	R
37	Picture	gC	122030.0	show_letter	non_target	C
37	Picture	WM	122390.0	show_dash	work_memory	n/a
37	Picture	rT	123048.0	show_letter	probe	T
37	Response	255	123370.992	response	unknown	n/a
38	Sound	correct	123490.192	sound_beep	correct_feedback	n/a
38	Response	1	124543.992	right_click	in_group	n/a
39	Picture	nonWM	124561.0	show_cross	ready	n/a
39	Picture	K	125873.0	show_letter	target	K
39	Picture	gC	126233.0	show_letter	non_target	C
39	Picture	J	126593.0	show_letter	target	J
39	Picture	gY	126954.0	show_letter	non_target	Y
39	Picture	L	127314.0	show_letter	target	L
39	Picture	D	127674.0	show_letter	target	D
39	Picture	M	128035.0	show_letter	target	M
39	Picture	gS	128395.0	show_letter	non_target	S
39	Picture	WM	128755.0	show_dash	work_memory	n/a
39	Picture	rJ	129325.0	show_letter	probe	J
39	Response	255	129592.992	response	unknown	n/a
40	Sound	wrong	129712.192	sound_buzz	incorrect_feedback	n/a
40	Response	1	130521.992	right_click	in_group	n/a
41	Picture	nonWM	130541.0	show_cross	ready	n/a
41	Picture	K	131852.0	show_letter	target	K
41	Picture	gZ	132213.0	show_letter	non_target	Z
41	Picture	J	132573.0	show_letter	target	J
41	Picture	V	132933.0	show_letter	target	V
41	Picture	R	133294.0	show_letter	target	R
41	Picture	gH	133654.0	show_letter	non_target	H
41	Picture	gM	134014.0	show_letter	non_target	M
41	Picture	S	134375.0	show_letter	target	S
41	Picture	WM	134735.0	show_dash	work_memory	n/a
41	Picture	rR	135544.0	show_letter	probe	R
41	Response	1	135768.992	right_click	in_group	n/a
42	Sound	correct	135888.192	sound_beep	correct_feedback	n/a
42	Response	255	136236.992	response	unknown	n/a
43	Picture	nonWM	136252.0	show_cross	ready	n/a
43	Picture	gX	137564.0	show_letter	non_target	X
43	Picture	J	137924.0	show_letter	target	J
43	Picture	N	138285.0	show_letter	target	N
43	Picture	R	138645.0	show_letter	target	R
43	Picture	S	139005.0	show_letter	target	S
43	Picture	V	139366.0	show_letter	target	V
43	Picture	Y	139726.0	show_letter	target	Y
43	Picture	H	140087.0	show_letter	target	H
43	Picture	WM	140447.0	show_dash	work_memory	n/a
43	Picture	rC	141038.0	show_letter	probe	C
43	Response	255	141291.992	response	unknown	n/a
44	Sound	correct	141411.192	sound_beep	correct_feedback	n/a
44	Response	1	142049.992	right_click	in_group	n/a
45	Picture	nonWM	142068.0	show_cross	ready	n/a
45	Picture	W	143380.0	show_letter	target	W
45	Picture	gT	143740.0	show_letter	non_target	T
45	Picture	M	144101.0	show_letter	target	M
45	Picture	P	144461.0	show_letter	target	P
45	Picture	G	144822.0	show_letter	target	G
45	Picture	H	145182.0	show_letter	target	H
45	Picture	Z	145542.0	show_letter	target	Z
45	Picture	N	145903.0	show_letter	target	N
45	Picture	WM	146263.0	show_dash	work_memory	n/a
45	Picture	rM	147084.0	show_letter	probe	M
45	Response	1	147269.992	right_click	in_group	n/a
46	Sound	correct	147389.192	sound_beep	correct_feedback	n/a
46	Response	255	148120.992	response	unknown	n/a
47	Picture	nonWM	148136.0	show_cross	ready	n/a
47	Picture	gZ	149448.0	show_letter	non_target	Z
47	Picture	T	149808.0	show_letter	target	T
47	Picture	M	150169.0	show_letter	target	M
47	Picture	S	150529.0	show_letter	target	S
47	Picture	gY	150889.0	show_letter	non_target	Y
47	Picture	V	151250.0	show_letter	target	V
47	Picture	N	151610.0	show_letter	target	N
47	Picture	gH	151970.0	show_letter	non_target	H
47	Picture	WM	152331.0	show_dash	work_memory	n/a
47	Picture	rQ	152930.0	show_letter	probe	Q
47	Response	255	153208.992	response	unknown	n/a
48	Sound	correct	153328.192	sound_beep	correct_feedback	n/a
48	Response	1	153834.992	right_click	in_group	n/a
49	Picture	nonWM	153852.0	show_cross	ready	n/a
49	Picture	T	155164.0	show_letter	target	T
49	Picture	gH	155524.0	show_letter	non_target	H
49	Picture	X	155884.0	show_letter	target	X
49	Picture	S	156245.0	show_letter	target	S
49	Picture	W	156605.0	show_letter	target	W
49	Picture	Q	156965.0	show_letter	target	Q
49	Picture	K	157326.0	show_letter	target	K
49	Picture	D	157686.0	show_letter	target	D
49	Picture	WM	158047.0	show_dash	work_memory	n/a
49	Picture	rF	158683.0	show_letter	probe	F
49	Response	255	158949.992	response	unknown	n/a
50	Sound	correct	159069.192	sound_beep	correct_feedback	n/a
50	Response	1	160570.992	right_click	in_group	n/a
1	Picture	nonWM	164112.0	show_cross	ready	n/a
1	Picture	M	165423.0	show_letter	target	M
1	Picture	gQ	165784.0	show_letter	non_target	Q
1	Picture	W	166144.0	show_letter	target	W
1	Picture	B	166504.0	show_letter	target	B
1	Picture	Z	166865.0	show_letter	target	Z
1	Picture	D	167225.0	show_letter	target	D
1	Picture	R	167585.0	show_letter	target	R
1	Picture	L	167946.0	show_letter	target	L
1	Picture	WM	168306.0	show_dash	work_memory	n/a
1	Picture	rY	169132.0	show_letter	probe	Y
1	Response	255	169299.992	response	unknown	n/a
2	Sound	correct	169419.192	sound_beep	correct_feedback	n/a
2	Response	255	169767.992	response	unknown	n/a
3	Picture	nonWM	169786.0	show_cross	ready	n/a
3	Picture	P	171097.0	show_letter	target	P
3	Picture	gK	171457.0	show_letter	non_target	K
3	Picture	B	171818.0	show_letter	target	B
3	Picture	gY	172178.0	show_letter	non_target	Y
3	Picture	D	172539.0	show_letter	target	D
3	Picture	gM	172899.0	show_letter	non_target	M
3	Picture	gC	173259.0	show_letter	non_target	C
3	Picture	gF	173620.0	show_letter	non_target	F
3	Picture	WM	173980.0	show_dash	work_memory	n/a
3	Picture	rP	174818.0	show_letter	probe	P
3	Response	1	174954.992	right_click	in_group	n/a
4	Sound	correct	175074.192	sound_beep	correct_feedback	n/a
4	Response	255	175211.992	response	unknown	n/a
5	Picture	nonWM	175229.0	show_cross	ready	n/a
5	Picture	V	176540.0	show_letter	target	V
5	Picture	gC	176901.0	show_letter	non_target	C
5	Picture	gH	177261.0	show_letter	non_target	H
5	Picture	M	177622.0	show_letter	target	M
5	Picture	gD	177982.0	show_letter	non_target	D
5	Picture	Q	178342.0	show_letter	target	Q
5	Picture	Z	178703.0	show_letter	target	Z
5	Picture	Y	179063.0	show_letter	target	Y
5	Picture	WM	179423.0	show_dash	work_memory	n/a
5	Picture	rJ	180425.0	show_letter	probe	J
5	Response	255	180583.992	response	unknown	n/a
6	Sound	correct	180703.192	sound_beep	correct_feedback	n/a
6	Response	1	181018.992	right_click	in_group	n/a
7	Picture	nonWM	181037.0	show_cross	ready	n/a
7	Picture	R	182348.0	show_letter	target	R
7	Picture	C	182709.0	show_letter	target	C
7	Picture	gX	183069.0	show_letter	non_target	X
7	Picture	H	183430.0	show_letter	target	H
7	Picture	N	183790.0	show_letter	target	N
7	Picture	P	184150.0	show_letter	target	P
7	Picture	gM	184511.0	show_letter	non_target	M
7	Picture	gL	184871.0	show_letter	non_target	L
7	Picture	WM	185231.0	show_dash	work_memory	n/a
7	Picture	rP	186074.0	show_letter	probe	P
7	Response	255	186265.992	response	unknown	n/a
8	Sound	wrong	186385.192	sound_buzz	incorrect_feedback	n/a
8	Response	1	187062.992	right_click	in_group	n/a
9	Picture	nonWM	187079.0	show_cross	ready	n/a
9	Picture	gH	188391.0	show_letter	non_target	H
9	Picture	T	188751.0	show_letter	target	T
9	Picture	X	189112.0	show_letter	target	X
9	Picture	V	189472.0	show_letter	target	V
9	Picture	gF	189833.0	show_letter	non_target	F
9	Picture	K	190193.0	show_letter	target	K
9	Picture	gC	190553.0	show_letter	non_target	C
9	Picture	G	190914.0	show_letter	target	G
9	Picture	WM	191274.0	show_dash	work_memory	n/a
9	Picture	rX	191861.0	show_letter	probe	X
9	Response	1	192111.992	right_click	in_group	n/a
10	Sound	correct	192231.192	sound_beep	correct_feedback	n/a
10	Response	255	193153.992	response	unknown	n/a
11	Picture	nonWM	193172.0	show_cross	ready	n/a
11	Picture	T	194484.0	show_letter	target	T
11	Picture	Y	194844.0	show_letter	target	Y
11	Picture	K	195205.0	show_letter	target	K
11	Picture	Z	195565.0	show_letter	target	Z
11	Picture	F	195925.0	show_letter	target	F
11	Picture	gQ	196286.0	show_letter	non_target	Q
11	Picture	gG	196646.0	show_letter	non_target	G
11	Picture	gW	197006.0	show_letter	non_target	W
11	Picture	WM	197367.0	show_dash	work_memory	n/a
11	Picture	rL	198343.0	show_letter	probe	L
11	Response	255	198538.992	response	unknown	n/a
12	Sound	correct	198658.192	sound_beep	correct_feedback	n/a
12	Response	1	199079.992	right_click	in_group	n/a
13	Picture	nonWM	199097.0	show_cross	ready	n/a
13	Picture	H	200409.0	show_letter	target	H
13	Picture	D	200769.0	show_letter	target	D
13	Picture	W	201130.0	show_letter	target	W
13	Picture	Y	201490.0	show_letter	target	Y
13	Picture	gK	201851.0	show_letter	non_target	K
13	Picture	P	202211.0	show_letter	target	P
13	Picture	X	202571.0	show_letter	target	X
13	Picture	V	202932.0	show_letter	target	V
13	Picture	WM	203292.0	show_dash	work_memory	n/a
13	Picture	rX	204130.0	show_letter	probe	X
13	Response	1	204339.992	right_click	in_group	n/a
14	Sound	correct	204459.192	sound_beep	correct_feedback	n/a
14	Response	255	204793.992	response	unknown	n/a
15	Picture	nonWM	204813.0	show_cross	ready	n/a
15	Picture	V	206125.0	show_letter	target	V
15	Picture	gW	206485.0	show_letter	non_target	W
15	Picture	gS	206845.0	show_letter	non_target	S
15	Picture	R	207206.0	show_letter	target	R
15	Picture	gB	207566.0	show_letter	non_target	B
15	Picture	N	207927.0	show_letter	target	N
15	Picture	gP	208287.0	show_letter	non_target	P
15	Picture	gZ	208647.0	show_letter	non_target	Z
15	Picture	WM	209008.0	show_dash	work_memory	n/a
15	Picture	rX	210030.0	show_letter	probe	X
15	Response	255	210277.992	response	unknown	n/a
16	Sound	correct	210397.192	sound_beep	correct_feedback	n/a
16	Response	1	210699.992	right_click	in_group	n/a
17	Picture	nonWM	210717.0	show_cross	ready	n/a
17	Picture	C	212029.0	show_letter	target	C
17	Picture	gV	212389.0	show_letter	non_target	V
17	Picture	gW	212750.0	show_letter	non_target	W
17	Picture	H	213110.0	show_letter	target	H
17	Picture	gN	213471.0	show_letter	non_target	N
17	Picture	gX	213831.0	show_letter	non_target	X
17	Picture	R	214191.0	show_letter	target	R
17	Picture	gM	214552.0	show_letter	non_target	M
17	Picture	WM	214912.0	show_dash	work_memory	n/a
17	Picture	rR	215528.0	show_letter	probe	R
17	Response	1	215748.992	right_click	in_group	n/a
18	Sound	correct	215868.192	sound_beep	correct_feedback	n/a
18	Response	255	216684.992	response	unknown	n/a
19	Picture	nonWM	216702.0	show_cross	ready	n/a
19	Picture	W	218013.0	show_letter	target	W
19	Picture	L	218374.0	show_letter	target	L
19	Picture	D	218734.0	show_letter	target	D
19	Picture	J	219094.0	show_letter	target	J
19	Picture	C	219455.0	show_letter	target	C
19	Picture	gF	219815.0	show_letter	non_target	F
19	Picture	V	220175.0	show_letter	target	V
19	Picture	S	220536.0	show_letter	target	S
19	Picture	WM	220896.0	show_dash	work_memory	n/a
19	Picture	rS	221717.0	show_letter	probe	S
19	Response	1	221937.992	right_click	in_group	n/a
20	Sound	correct	222057.192	sound_beep	correct_feedback	n/a
20	Response	255	222550.992	response	unknown	n/a
21	Picture	nonWM	222568.0	show_cross	ready	n/a
21	Picture	gD	223880.0	show_letter	non_target	D
21	Picture	gB	224240.0	show_letter	non_target	B
21	Picture	gG	224600.0	show_letter	non_target	G
21	Picture	J	224961.0	show_letter	target	J
21	Picture	gW	225321.0	show_letter	non_target	W
21	Picture	L	225681.0	show_letter	target	L
21	Picture	gK	226042.0	show_letter	non_target	K
21	Picture	C	226402.0	show_letter	target	C
21	Picture	WM	226763.0	show_dash	work_memory	n/a
21	Picture	rL	227387.0	show_letter	probe	L
21	Response	1	227566.992	right_click	in_group	n/a
22	Sound	correct	227686.192	sound_beep	correct_feedback	n/a
22	Response	255	227882.992	response	unknown	n/a
23	Picture	nonWM	227898.0	show_cross	ready	n/a
23	Picture	gP	229210.0	show_letter	non_target	P
23	Picture	W	229570.0	show_letter	target	W
23	Picture	F	229931.0	show_letter	target	F
23	Picture	S	230291.0	show_letter	target	S
23	Picture	Z	230651.0	show_letter	target	Z
23	Picture	T	231012.0	show_letter	target	T
23	Picture	K	231372.0	show_letter	target	K
23	Picture	Q	231732.0	show_letter	target	Q
23	Picture	WM	232093.0	show_dash	work_memory	n/a
23	Picture	rL	232784.0	show_letter	probe	L
23	Response	255	233148.992	response	unknown	n/a
24	Sound	correct	233268.192	sound_beep	correct_feedback	n/a
24	Response	1	234334.992	right_click	in_group	n/a
25	Picture	nonWM	234352.0	show_cross	ready	n/a
25	Picture	B	235663.0	show_letter	target	B
25	Picture	N	236024.0	show_letter	target	N
25	Picture	R	236384.0	show_letter	target	R
25	Picture	G	236744.0	show_letter	target	G
25	Picture	Y	237105.0	show_letter	target	Y
25	Picture	Z	237465.0	show_letter	target	Z
25	Picture	M	237825.0	show_letter	target	M
25	Picture	gX	238186.0	show_letter	non_target	X
25	Picture	WM	238546.0	show_dash	work_memory	n/a
25	Picture	rZ	239187.0	show_letter	probe	Z
25	Response	1	239403.992	right_click	in_group	n/a
26	Sound	correct	239523.192	sound_beep	correct_feedback	n/a
26	Response	255	241090.992	response	unknown	n/a
27	Picture	nonWM	241111.0	show_cross	ready	n/a
27	Picture	Y	242422.0	show_letter	target	Y
27	Picture	gC	242783.0	show_letter	non_target	C
27	Picture	gP	243143.0	show_letter	non_target	P
27	Picture	K	243503.0	show_letter	target	K
27	Picture	gR	243864.0	show_letter	non_target	R
27	Picture	gW	244224.0	show_letter	non_target	W
27	Picture	gH	244585.0	show_letter	non_target	H
27	Picture	L	244945.0	show_letter	target	L
27	Picture	WM	245305.0	show_dash	work_memory	n/a
27	Picture	rK	246231.0	show_letter	probe	K
27	Response	1	246383.992	right_click	in_group	n/a
28	Sound	correct	246503.192	sound_beep	correct_feedback	n/a
28	Response	255	247312.992	response	unknown	n/a
29	Picture	nonWM	247329.0	show_cross	ready	n/a
29	Picture	K	248641.0	show_letter	target	K
29	Picture	gS	249001.0	show_letter	non_target	S
29	Picture	gP	249362.0	show_letter	non_target	P
29	Picture	F	249722.0	show_letter	target	F
29	Picture	D	250082.0	show_letter	target	D
29	Picture	L	250443.0	show_letter	target	L
29	Picture	gT	250803.0	show_letter	non_target	T
29	Picture	Z	251164.0	show_letter	target	Z
29	Picture	WM	251524.0	show_dash	work_memory	n/a
29	Picture	rQ	252085.0	show_letter	probe	Q
29	Response	255	252269.992	response	unknown	n/a
30	Sound	correct	252389.192	sound_beep	correct_feedback	n/a
30	Response	1	252585.992	right_click	in_group	n/a
31	Picture	nonWM	252605.0	show_cross	ready	n/a
31	Picture	F	253917.0	show_letter	target	F
31	Picture	gC	254277.0	show_letter	non_target	C
31	Picture	J	254637.0	show_letter	target	J
31	Picture	gQ	254998.0	show_letter	non_target	Q
31	Picture	gT	255358.0	show_letter	non_target	T
31	Picture	S	255718.0	show_letter	target	S
31	Picture	M	256079.0	show_letter	target	M
31	Picture	N	256439.0	show_letter	target	N
31	Picture	WM	256800.0	show_dash	work_memory	n/a
31	Picture	rZ	257851.0	show_letter	probe	Z
31	Response	255	258082.992	response	unknown	n/a
32	Sound	correct	258202.192	sound_beep	correct_feedback	n/a
32	Response	1	258682.992	right_click	in_group	n/a
33	Picture	nonWM	258702.0	show_cross	ready	n/a
33	Picture	Y	260014.0	show_letter	target	Y
33	Picture	D	260374.0	show_letter	target	D
33	Picture	Q	260734.0	show_letter	target	Q
33	Picture	gV	261095.0	show_letter	non_target	V
33	Picture	G	261455.0	show_letter	target	G
33	Picture	L	261815.0	show_letter	target	L
33	Picture	F	262176.0	show_letter	target	F
33	Picture	S	262536.0	show_letter	target	S
33	Picture	WM	262897.0	show_dash	work_memory	n/a
33	Picture	rG	263571.0	show_letter	probe	G
33	Response	1	263843.992	right_click	in_group	n/a
34	Sound	correct	263963.192	sound_beep	correct_feedback	n/a
34	Response	1	265358.992	right_click	in_group	n/a
35	Picture	nonWM	265377.0	show_cross	ready	n/a
35	Picture	gS	266689.0	show_letter	non_target	S
35	Picture	gN	267049.0	show_letter	non_target	N
35	Picture	R	267410.0	show_letter	target	R
35	Picture	X	267770.0	show_letter	target	X
35	Picture	M	268131.0	show_letter	target	M
35	Picture	gT	268491.0	show_letter	non_target	T
35	Picture	gB	268851.0	show_letter	non_target	B
35	Picture	gG	269212.0	show_letter	non_target	G
35	Picture	WM	269572.0	show_dash	work_memory	n/a
35	Picture	rR	270444.0	show_letter	probe	R
35	Response	1	270572.992	right_click	in_group	n/a
36	Sound	correct	270692.192	sound_beep	correct_feedback	n/a
36	Response	255	271719.992	response	unknown	n/a
37	Picture	nonWM	271738.0	show_cross	ready	n/a
37	Picture	gN	273050.0	show_letter	non_target	N
37	Picture	gB	273410.0	show_letter	non_target	B
37	Picture	T	273771.0	show_letter	target	T
37	Picture	S	274131.0	show_letter	target	S
37	Picture	X	274492.0	show_letter	target	X
37	Picture	gC	274852.0	show_letter	non_target	C
37	Picture	gQ	275212.0	show_letter	non_target	Q
37	Picture	gR	275573.0	show_letter	non_target	R
37	Picture	WM	275933.0	show_dash	work_memory	n/a
37	Picture	rS	276792.0	show_letter	probe	S
37	Response	1	277038.992	right_click	in_group	n/a
38	Sound	correct	277158.192	sound_beep	correct_feedback	n/a
38	Response	1	277631.992	right_click	in_group	n/a
39	Picture	nonWM	277651.0	show_cross	ready	n/a
39	Picture	gP	278963.0	show_letter	non_target	P
39	Picture	X	279323.0	show_letter	target	X
39	Picture	gB	279684.0	show_letter	non_target	B
39	Picture	Z	280044.0	show_letter	target	Z
39	Picture	gH	280404.0	show_letter	non_target	H
39	Picture	gV	280765.0	show_letter	non_target	V
39	Picture	gR	281125.0	show_letter	non_target	R
39	Picture	F	281485.0	show_letter	target	F
39	Picture	WM	281846.0	show_dash	work_memory	n/a
39	Picture	rQ	282596.0	show_letter	probe	Q
39	Response	255	282778.992	response	unknown	n/a
40	Sound	correct	282898.192	sound_beep	correct_feedback	n/a
40	Response	1	283437.992	right_click	in_group	n/a
41	Picture	nonWM	283455.0	show_cross	ready	n/a
41	Picture	P	284766.0	show_letter	target	P
41	Picture	gQ	285127.0	show_letter	non_target	Q
41	Picture	S	285487.0	show_letter	target	S
41	Picture	W	285848.0	show_letter	target	W
41	Picture	D	286208.0	show_letter	target	D
41	Picture	F	286568.0	show_letter	target	F
41	Picture	C	286929.0	show_letter	target	C
41	Picture	H	287289.0	show_letter	target	H
41	Picture	WM	287650.0	show_dash	work_memory	n/a
41	Picture	rX	288223.0	show_letter	probe	X
41	Response	255	288460.992	response	unknown	n/a
42	Sound	correct	288580.192	sound_beep	correct_feedback	n/a
42	Response	1	290206.992	right_click	in_group	n/a
43	Picture	nonWM	290227.0	show_cross	ready	n/a
43	Picture	gM	291538.0	show_letter	non_target	M
43	Picture	F	291899.0	show_letter	target	F
43	Picture	G	292259.0	show_letter	target	G
43	Picture	K	292619.0	show_letter	target	K
43	Picture	Z	292980.0	show_letter	target	Z
43	Picture	gQ	293340.0	show_letter	non_target	Q
43	Picture	gY	293700.0	show_letter	non_target	Y
43	Picture	N	294061.0	show_letter	target	N
43	Picture	WM	294421.0	show_dash	work_memory	n/a
43	Picture	rK	295259.0	show_letter	probe	K
43	Response	1	295453.992	right_click	in_group	n/a
44	Sound	correct	295573.192	sound_beep	correct_feedback	n/a
44	Response	255	296323.992	response	unknown	n/a
45	Picture	nonWM	296340.0	show_cross	ready	n/a
45	Picture	gQ	297652.0	show_letter	non_target	Q
45	Picture	P	298012.0	show_letter	target	P
45	Picture	H	298373.0	show_letter	target	H
45	Picture	R	298733.0	show_letter	target	R
45	Picture	X	299094.0	show_letter	target	X
45	Picture	C	299454.0	show_letter	target	C
45	Picture	S	299814.0	show_letter	target	S
45	Picture	V	300175.0	show_letter	target	V
45	Picture	WM	300535.0	show_dash	work_memory	n/a
45	Picture	rZ	301331.0	show_letter	probe	Z
45	Response	1	301622.992	right_click	in_group	n/a
46	Sound	wrong	301742.192	sound_buzz	incorrect_feedback	n/a
46	Response	255	303039.992	response	unknown	n/a
47	Picture	nonWM	303058.0	show_cross	ready	n/a
47	Picture	gP	304369.0	show_letter	non_target	P
47	Picture	gR	304730.0	show_letter	non_target	R
47	Picture	K	305090.0	show_letter	target	K
47	Picture	gW	305450.0	show_letter	non_target	W
47	Picture	C	305811.0	show_letter	target	C
47	Picture	gZ	306171.0	show_letter	non_target	Z
47	Picture	gY	306531.0	show_letter	non_target	Y
47	Picture	X	306892.0	show_letter	target	X
47	Picture	WM	307252.0	show_dash	work_memory	n/a
47	Picture	rB	307818.0	show_letter	probe	B
47	Response	255	308100.992	response	unknown	n/a
48	Sound	correct	308220.192	sound_beep	correct_feedback	n/a
48	Response	1	308390.992	right_click	in_group	n/a
49	Picture	nonWM	308409.0	show_cross	ready	n/a
49	Picture	Q	309720.0	show_letter	target	Q
49	Picture	M	310081.0	show_letter	target	M
49	Picture	gC	310441.0	show_letter	non_target	C
49	Picture	gX	310802.0	show_letter	non_target	X
49	Picture	gS	311162.0	show_letter	non_target	S
49	Picture	W	311522.0	show_letter	target	W
49	Picture	R	311883.0	show_letter	target	R
49	Picture	H	312243.0	show_letter	target	H
49	Picture	WM	312604.0	show_dash	work_memory	n/a
49	Picture	rQ	313580.0	show_letter	probe	Q
49	Response	1	313801.992	right_click	in_group	n/a
50	Sound	correct	313921.192	sound_beep	correct_feedback	n/a
50	Response	1	315640.992	right_click	in_group	n/a
1	Picture	nonWM	318316.0	show_cross	ready	n/a
1	Picture	Z	319627.0	show_letter	target	Z
1	Picture	X	319988.0	show_letter	target	X
1	Picture	S	320348.0	show_letter	target	S
1	Picture	Y	320708.0	show_letter	target	Y
1	Picture	C	321069.0	show_letter	target	C
1	Picture	V	321429.0	show_letter	target	V
1	Picture	T	321789.0	show_letter	target	T
1	Picture	gW	322150.0	show_letter	non_target	W
1	Picture	WM	322510.0	show_dash	work_memory	n/a
1	Picture	rV	323210.0	show_letter	probe	V
1	Response	1	323395.992	right_click	in_group	n/a
2	Sound	correct	323515.192	sound_beep	correct_feedback	n/a
2	Response	255	323922.992	response	unknown	n/a
3	Picture	nonWM	323939.0	show_cross	ready	n/a
3	Picture	F	325251.0	show_letter	target	F
3	Picture	M	325611.0	show_letter	target	M
3	Picture	B	325972.0	show_letter	target	B
3	Picture	gN	326332.0	show_letter	non_target	N
3	Picture	L	326692.0	show_letter	target	L
3	Picture	X	327053.0	show_letter	target	X
3	Picture	J	327413.0	show_letter	target	J
3	Picture	Y	327773.0	show_letter	target	Y
3	Picture	WM	328134.0	show_dash	work_memory	n/a
3	Picture	rP	329068.0	show_letter	probe	P
3	Response	255	329334.992	response	unknown	n/a
4	Sound	correct	329454.192	sound_beep	correct_feedback	n/a
4	Response	1	330876.992	right_click	in_group	n/a
5	Picture	nonWM	330895.0	show_cross	ready	n/a
5	Picture	gR	332207.0	show_letter	non_target	R
5	Picture	gX	332567.0	show_letter	non_target	X
5	Picture	S	332927.0	show_letter	target	S
5	Picture	P	333288.0	show_letter	target	P
5	Picture	N	333648.0	show_letter	target	N
5	Picture	gD	334009.0	show_letter	non_target	D
5	Picture	gG	334369.0	show_letter	non_target	G
5	Picture	gJ	334729.0	show_letter	non_target	J
5	Picture	WM	335090.0	show_dash	work_memory	n/a
5	Picture	rM	335836.0	show_letter	probe	M
5	Response	255	336037.992	response	unknown	n/a
6	Sound	correct	336157.192	sound_beep	correct_feedback	n/a
6	Response	1	337296.992	right_click	in_group	n/a
7	Picture	nonWM	337315.0	show_cross	ready	n/a
7	Picture	gD	338627.0	show_letter	non_target	D
7	Picture	gV	338987.0	show_letter	non_target	V
7	Picture	G	339347.0	show_letter	target	G
7	Picture	gH	339708.0	show_letter	non_target	H
7	Picture	gP	340068.0	show_letter	non_target	P
7	Picture	gJ	340428.0	show_letter	non_target	J
7	Picture	M	340789.0	show_letter	target	M
7	Picture	Z	341149.0	show_letter	target	Z
7	Picture	WM	341510.0	show_dash	work_memory	n/a
7	Picture	rY	342151.0	show_letter	probe	Y
7	Response	255	342312.992	response	unknown	n/a
8	Sound	correct	342432.192	sound_beep	correct_feedback	n/a
8	Response	1	342615.992	right_click	in_group	n/a
9	Picture	nonWM	342633.0	show_cross	ready	n/a
9	Picture	Y	343944.0	show_letter	target	Y
9	Picture	gW	344305.0	show_letter	non_target	W
9	Picture	S	344665.0	show_letter	target	S
9	Picture	J	345025.0	show_letter	target	J
9	Picture	P	345386.0	show_letter	target	P
9	Picture	C	345746.0	show_letter	target	C
9	Picture	D	346107.0	show_letter	target	D
9	Picture	K	346467.0	show_letter	target	K
9	Picture	WM	346827.0	show_dash	work_memory	n/a
9	Picture	rC	347766.0	show_letter	probe	C
9	Response	1	347921.992	right_click	in_group	n/a
10	Sound	correct	348041.192	sound_beep	correct_feedback	n/a
10	Response	255	348844.992	response	unknown	n/a
11	Picture	nonWM	348864.0	show_cross	ready	n/a
11	Picture	gZ	350175.0	show_letter	non_target	Z
11	Picture	W	350536.0	show_letter	target	W
11	Picture	gT	350896.0	show_letter	non_target	T
11	Picture	R	351256.0	show_letter	target	R
11	Picture	H	351617.0	show_letter	target	H
11	Picture	L	351977.0	show_letter	target	L
11	Picture	D	352338.0	show_letter	target	D
11	Picture	gJ	352698.0	show_letter	non_target	J
11	Picture	WM	353058.0	show_dash	work_memory	n/a
11	Picture	rH	353825.0	show_letter	probe	H
11	Response	255	353965.992	response	unknown	n/a
12	Sound	wrong	354085.192	sound_buzz	incorrect_feedback	n/a
12	Response	1	356088.992	right_click	in_group	n/a
13	Picture	nonWM	356105.0	show_cross	ready	n/a
13	Picture	gK	357417.0	show_letter	non_target	K
13	Picture	gH	357777.0	show_letter	non_target	H
13	Picture	L	358137.0	show_letter	target	L
13	Picture	V	358498.0	show_letter	target	V
13	Picture	R	358858.0	show_letter	target	R
13	Picture	gC	359218.0	show_letter	non_target	C
13	Picture	gJ	359579.0	show_letter	non_target	J
13	Picture	gY	359939.0	show_letter	non_target	Y
13	Picture	WM	360299.0	show_dash	work_memory	n/a
13	Picture	rR	360861.0	show_letter	probe	R
13	Response	1	361077.992	right_click	in_group	n/a
14	Sound	correct	361197.192	sound_beep	correct_feedback	n/a
14	Response	1	362290.992	right_click	in_group	n/a
15	Picture	nonWM	362307.0	show_cross	ready	n/a
15	Picture	B	363618.0	show_letter	target	B
15	Picture	gF	363979.0	show_letter	non_target	F
15	Picture	gH	364339.0	show_letter	non_target	H
15	Picture	R	364699.0	show_letter	target	R
15	Picture	gZ	365060.0	show_letter	non_target	Z
15	Picture	G	365420.0	show_letter	target	G
15	Picture	gM	365781.0	show_letter	non_target	M
15	Picture	gV	366141.0	show_letter	non_target	V
15	Picture	WM	366501.0	show_dash	work_memory	n/a
15	Picture	rB	367381.0	show_letter	probe	B
15	Response	1	367537.992	right_click	in_group	n/a
16	Sound	correct	367657.192	sound_beep	correct_feedback	n/a
16	Response	255	367846.992	response	unknown	n/a
17	Picture	nonWM	367863.0	show_cross	ready	n/a
17	Picture	gP	369175.0	show_letter	non_target	P
17	Picture	gM	369535.0	show_letter	non_target	M
17	Picture	D	369895.0	show_letter	target	D
17	Picture	gZ	370256.0	show_letter	non_target	Z
17	Picture	gB	370616.0	show_letter	non_target	B
17	Picture	R	370977.0	show_letter	target	R
17	Picture	gN	371337.0	show_letter	non_target	N
17	Picture	G	371697.0	show_letter	target	G
17	Picture	WM	372058.0	show_dash	work_memory	n/a
17	Picture	rF	372829.0	show_letter	probe	F
17	Response	255	373087.992	response	unknown	n/a
18	Sound	correct	373207.192	sound_beep	correct_feedback	n/a
18	Response	1	373377.992	right_click	in_group	n/a
19	Picture	nonWM	373395.0	show_cross	ready	n/a
19	Picture	W	374706.0	show_letter	target	W
19	Picture	D	375066.0	show_letter	target	D
19	Picture	R	375427.0	show_letter	target	R
19	Picture	Z	375787.0	show_letter	target	Z
19	Picture	M	376148.0	show_letter	target	M
19	Picture	gT	376508.0	show_letter	non_target	T
19	Picture	H	376868.0	show_letter	target	H
19	Picture	L	377229.0	show_letter	target	L
19	Picture	WM	377589.0	show_dash	work_memory	n/a
19	Picture	rW	378620.0	show_letter	probe	W
19	Response	1	378755.992	right_click	in_group	n/a
20	Sound	correct	378875.192	sound_beep	correct_feedback	n/a
20	Response	255	379144.992	response	unknown	n/a
21	Picture	nonWM	379161.0	show_cross	ready	n/a
21	Picture	K	380472.0	show_letter	target	K
21	Picture	G	380833.0	show_letter	target	G
21	Picture	J	381193.0	show_letter	target	J
21	Picture	Z	381553.0	show_letter	target	Z
21	Picture	H	381914.0	show_letter	target	H
21	Picture	D	382274.0	show_letter	target	D
21	Picture	gP	382634.0	show_letter	non_target	P
21	Picture	V	382995.0	show_letter	target	V
21	Picture	WM	383355.0	show_dash	work_memory	n/a
21	Picture	rG	384248.0	show_letter	probe	G
21	Response	1	384456.992	right_click	in_group	n/a
22	Sound	correct	384577.192	sound_beep	correct_feedback	n/a
22	Response	255	385036.992	response	unknown	n/a
23	Picture	nonWM	385056.0	show_cross	ready	n/a
23	Picture	gC	386368.0	show_letter	non_target	C
23	Picture	gP	386728.0	show_letter	non_target	P
23	Picture	X	387089.0	show_letter	target	X
23	Picture	gZ	387449.0	show_letter	non_target	Z
23	Picture	T	387809.0	show_letter	target	T
23	Picture	Y	388170.0	show_letter	target	Y
23	Picture	J	388530.0	show_letter	target	J
23	Picture	B	388891.0	show_letter	target	B
23	Picture	WM	389251.0	show_dash	work_memory	n/a
23	Picture	rH	390098.0	show_letter	probe	H
23	Response	255	390290.992	response	unknown	n/a
24	Sound	correct	390410.192	sound_beep	correct_feedback	n/a
24	Response	1	390988.992	right_click	in_group	n/a
25	Picture	nonWM	391007.0	show_cross	ready	n/a
25	Picture	P	392319.0	show_letter	target	P
25	Picture	gY	392679.0	show_letter	non_target	Y
25	Picture	R	393039.0	show_letter	target	R
25	Picture	T	393400.0	show_letter	target	T
25	Picture	B	393760.0	show_letter	target	B
25	Picture	G	394120.0	show_letter	target	G
25	Picture	V	394481.0	show_letter	target	V
25	Picture	M	394841.0	show_letter	target	M
25	Picture	WM	395202.0	show_dash	work_memory	n/a
25	Picture	rP	395972.0	show_letter	probe	P
25	Response	1	396162.992	right_click	in_group	n/a
26	Sound	correct	396282.192	sound_beep	correct_feedback	n/a
26	Response	1	397296.992	right_click	in_group	n/a
27	Picture	nonWM	397314.0	show_cross	ready	n/a
27	Picture	gD	398625.0	show_letter	non_target	D
27	Picture	gC	398986.0	show_letter	non_target	C
27	Picture	R	399346.0	show_letter	target	R
27	Picture	gG	399706.0	show_letter	non_target	G
27	Picture	Z	400067.0	show_letter	target	Z
27	Picture	gX	400427.0	show_letter	non_target	X
27	Picture	gL	400787.0	show_letter	non_target	L
27	Picture	K	401148.0	show_letter	target	K
27	Picture	WM	401508.0	show_dash	work_memory	n/a
27	Picture	rK	402359.0	show_letter	probe	K
27	Response	1	402562.992	right_click	in_group	n/a
28	Sound	correct	402682.192	sound_beep	correct_feedback	n/a
28	Response	1	404098.992	right_click	in_group	n/a
29	Picture	nonWM	404115.0	show_cross	ready	n/a
29	Picture	gG	405426.0	show_letter	non_target	G
29	Picture	L	405787.0	show_letter	target	L
29	Picture	X	406147.0	show_letter	target	X
29	Picture	gP	406507.0	show_letter	non_target	P
29	Picture	gH	406868.0	show_letter	non_target	H
29	Picture	gM	407228.0	show_letter	non_target	M
29	Picture	N	407588.0	show_letter	target	N
29	Picture	gR	407949.0	show_letter	non_target	R
29	Picture	WM	408309.0	show_dash	work_memory	n/a
29	Picture	rZ	409047.0	show_letter	probe	Z
29	Response	255	409233.992	response	unknown	n/a
30	Sound	correct	409353.192	sound_beep	correct_feedback	n/a
30	Response	1	409885.992	right_click	in_group	n/a
31	Picture	nonWM	409901.0	show_cross	ready	n/a
31	Picture	D	411213.0	show_letter	target	D
31	Picture	Q	411573.0	show_letter	target	Q
31	Picture	G	411934.0	show_letter	target	G
31	Picture	gM	412294.0	show_letter	non_target	M
31	Picture	P	412654.0	show_letter	target	P
31	Picture	gV	413015.0	show_letter	non_target	V
31	Picture	gF	413375.0	show_letter	non_target	F
31	Picture	T	413736.0	show_letter	target	T
31	Picture	WM	414096.0	show_dash	work_memory	n/a
31	Picture	rB	414674.0	show_letter	probe	B
31	Response	1	414954.992	right_click	in_group	n/a
32	Sound	wrong	415074.192	sound_buzz	incorrect_feedback	n/a
32	Response	255	415969.992	response	unknown	n/a
33	Picture	nonWM	415986.0	show_cross	ready	n/a
33	Picture	J	417298.0	show_letter	target	J
33	Picture	T	417658.0	show_letter	target	T
33	Picture	L	418018.0	show_letter	target	L
33	Picture	X	418379.0	show_letter	target	X
33	Picture	S	418739.0	show_letter	target	S
33	Picture	G	419099.0	show_letter	target	G
33	Picture	Q	419460.0	show_letter	target	Q
33	Picture	gR	419820.0	show_letter	non_target	R
33	Picture	WM	420181.0	show_dash	work_memory	n/a
33	Picture	rY	420847.0	show_letter	probe	Y
33	Response	255	421018.992	response	unknown	n/a
34	Sound	correct	421138.192	sound_beep	correct_feedback	n/a
34	Response	1	421657.992	right_click	in_group	n/a
35	Picture	nonWM	421677.0	show_cross	ready	n/a
35	Picture	gZ	422988.0	show_letter	non_target	Z
35	Picture	gC	423349.0	show_letter	non_target	C
35	Picture	R	423709.0	show_letter	target	R
35	Picture	F	424069.0	show_letter	target	F
35	Picture	Q	424430.0	show_letter	target	Q
35	Picture	V	424790.0	show_letter	target	V
35	Picture	P	425150.0	show_letter	target	P
35	Picture	gN	425511.0	show_letter	non_target	N
35	Picture	WM	425871.0	show_dash	work_memory	n/a
35	Picture	rF	426827.0	show_letter	probe	F
35	Response	1	427016.992	right_click	in_group	n/a
36	Sound	correct	427136.192	sound_beep	correct_feedback	n/a
36	Response	255	427701.992	response	unknown	n/a
37	Picture	nonWM	427719.0	show_cross	ready	n/a
37	Picture	H	429031.0	show_letter	target	H
37	Picture	B	429391.0	show_letter	target	B
37	Picture	Q	429751.0	show_letter	target	Q
37	Picture	gK	430112.0	show_letter	non_target	K
37	Picture	S	430472.0	show_letter	target	S
37	Picture	R	430833.0	show_letter	target	R
37	Picture	gT	431193.0	show_letter	non_target	T
37	Picture	gJ	431553.0	show_letter	non_target	J
37	Picture	WM	431914.0	show_dash	work_memory	n/a
37	Picture	rQ	432794.0	show_letter	probe	Q
37	Response	1	432941.992	right_click	in_group	n/a
38	Sound	correct	433061.192	sound_beep	correct_feedback	n/a
38	Response	1	434477.992	right_click	in_group	n/a
39	Picture	nonWM	434495.0	show_cross	ready	n/a
39	Picture	Y	435807.0	show_letter	target	Y
39	Picture	S	436167.0	show_letter	target	S
39	Picture	N	436527.0	show_letter	target	N
39	Picture	M	436888.0	show_letter	target	M
39	Picture	F	437248.0	show_letter	target	F
39	Picture	Q	437608.0	show_letter	target	Q
39	Picture	H	437969.0	show_letter	target	H
39	Picture	gW	438329.0	show_letter	non_target	W
39	Picture	WM	438690.0	show_dash	work_memory	n/a
39	Picture	rN	439360.0	show_letter	probe	N
39	Response	1	439565.992	right_click	in_group	n/a
40	Sound	correct	439685.192	sound_beep	correct_feedback	n/a
40	Response	255	440139.992	response	unknown	n/a
41	Picture	nonWM	440156.0	show_cross	ready	n/a
41	Picture	J	441468.0	show_letter	target	J
41	Picture	S	441828.0	show_letter	target	S
41	Picture	Y	442189.0	show_letter	target	Y
41	Picture	gT	442549.0	show_letter	non_target	T
41	Picture	gP	442909.0	show_letter	non_target	P
41	Picture	F	443270.0	show_letter	target	F
41	Picture	gM	443630.0	show_letter	non_target	M
41	Picture	K	443990.0	show_letter	target	K
41	Picture	WM	444351.0	show_dash	work_memory	n/a
41	Picture	rV	444942.0	show_letter	probe	V
41	Response	255	445155.992	response	unknown	n/a
42	Sound	correct	445275.192	sound_beep	correct_feedback	n/a
42	Response	1	445484.992	right_click	in_group	n/a
43	Picture	nonWM	445503.0	show_cross	ready	n/a
43	Picture	L	446815.0	show_letter	target	L
43	Picture	F	447175.0	show_letter	target	F
43	Picture	gM	447536.0	show_letter	non_target	M
43	Picture	gJ	447896.0	show_letter	non_target	J
43	Picture	K	448256.0	show_letter	target	K
43	Picture	gN	448617.0	show_letter	non_target	N
43	Picture	R	448977.0	show_letter	target	R
43	Picture	H	449337.0	show_letter	target	H
43	Picture	WM	449698.0	show_dash	work_memory	n/a
43	Picture	rG	450632.0	show_letter	probe	G
43	Response	255	450816.992	response	unknown	n/a
44	Sound	correct	450936.192	sound_beep	correct_feedback	n/a
44	Response	1	451726.992	right_click	in_group	n/a
45	Picture	nonWM	451743.0	show_cross	ready	n/a
45	Picture	gJ	453054.0	show_letter	non_target	J
45	Picture	T	453415.0	show_letter	target	T
45	Picture	V	453775.0	show_letter	target	V
45	Picture	D	454135.0	show_letter	target	D
45	Picture	X	454496.0	show_letter	target	X
45	Picture	G	454856.0	show_letter	target	G
45	Picture	N	455217.0	show_letter	target	N
45	Picture	R	455577.0	show_letter	target	R
45	Picture	WM	455937.0	show_dash	work_memory	n/a
45	Picture	rR	456838.0	show_letter	probe	R
45	Response	1	456999.992	right_click	in_group	n/a
46	Sound	correct	457119.192	sound_beep	correct_feedback	n/a
46	Response	255	457236.992	response	unknown	n/a
47	Picture	nonWM	457253.0	show_cross	ready	n/a
47	Picture	gH	458565.0	show_letter	non_target	H
47	Picture	M	458925.0	show_letter	target	M
47	Picture	gW	459286.0	show_letter	non_target	W
47	Picture	gN	459646.0	show_letter	non_target	N
47	Picture	G	460006.0	show_letter	target	G
47	Picture	gB	460367.0	show_letter	non_target	B
47	Picture	T	460727.0	show_letter	target	T
47	Picture	gL	461087.0	show_letter	non_target	L
47	Picture	WM	461448.0	show_dash	work_memory	n/a
47	Picture	rT	462022.0	show_letter	probe	T
47	Response	1	462153.992	right_click	in_group	n/a
48	Sound	correct	462273.192	sound_beep	correct_feedback	n/a
48	Response	1	464032.992	right_click	in_group	n/a
49	Picture	nonWM	464050.0	show_cross	ready	n/a
49	Picture	V	465362.0	show_letter	target	V
49	Picture	W	465722.0	show_letter	target	W
49	Picture	gQ	466082.0	show_letter	non_target	Q
49	Picture	S	466443.0	show_letter	target	S
49	Picture	gT	466803.0	show_letter	non_target	T
49	Picture	Z	467163.0	show_letter	target	Z
49	Picture	K	467524.0	show_letter	target	K
49	Picture	gX	467884.0	show_letter	non_target	X
49	Picture	WM	468245.0	show_dash	work_memory	n/a
49	Picture	rW	469049.0	show_letter	probe	W
49	Response	1	469272.992	right_click	in_group	n/a
50	Sound	correct	469392.192	sound_beep	correct_feedback	n/a
50	Response	255	469983.992	response	unknown	n/a
1	Picture	nonWM	472592.0	show_cross	ready	n/a
1	Picture	L	473904.0	show_letter	target	L
1	Picture	C	474264.0	show_letter	target	C
1	Picture	gZ	474625.0	show_letter	non_target	Z
1	Picture	M	474985.0	show_letter	target	M
1	Picture	T	475346.0	show_letter	target	T
1	Picture	B	475706.0	show_letter	target	B
1	Picture	G	476066.0	show_letter	target	G
1	Picture	K	476431.0	show_letter	target	K
1	Picture	WM	476791.0	show_dash	work_memory	n/a
1	Picture	rD	477621.0	show_letter	probe	D
1	Response	255	477792.992	response	unknown	n/a
2	Sound	correct	477912.192	sound_beep	correct_feedback	n/a
2	Response	1	478168.992	right_click	in_group	n/a
3	Picture	nonWM	478187.0	show_cross	ready	n/a
3	Picture	gJ	479498.0	show_letter	non_target	J
3	Picture	Q	479859.0	show_letter	target	Q
3	Picture	gK	480219.0	show_letter	non_target	K
3	Picture	F	480580.0	show_letter	target	F
3	Picture	Z	480940.0	show_letter	target	Z
3	Picture	W	481300.0	show_letter	target	W
3	Picture	gM	481661.0	show_letter	non_target	M
3	Picture	H	482021.0	show_letter	target	H
3	Picture	WM	482381.0	show_dash	work_memory	n/a
3	Picture	rB	483136.0	show_letter	probe	B
3	Response	255	483282.992	response	unknown	n/a
4	Sound	correct	483402.192	sound_beep	correct_feedback	n/a
4	Response	1	483658.992	right_click	in_group	n/a
5	Picture	nonWM	483676.0	show_cross	ready	n/a
5	Picture	K	484988.0	show_letter	target	K
5	Picture	gC	485348.0	show_letter	non_target	C
5	Picture	gZ	485708.0	show_letter	non_target	Z
5	Picture	M	486069.0	show_letter	target	M
5	Picture	L	486429.0	show_letter	target	L
5	Picture	gF	486790.0	show_letter	non_target	F
5	Picture	G	487150.0	show_letter	target	G
5	Picture	Y	487510.0	show_letter	target	Y
5	Picture	WM	487871.0	show_dash	work_memory	n/a
5	Picture	rL	488847.0	show_letter	probe	L
5	Response	1	489036.992	right_click	in_group	n/a
6	Sound	correct	489156.192	sound_beep	correct_feedback	n/a
6	Response	255	489306.992	response	unknown	n/a
7	Picture	nonWM	489325.0	show_cross	ready	n/a
7	Picture	gD	490636.0	show_letter	non_target	D
7	Picture	gN	490997.0	show_letter	non_target	N
7	Picture	gK	491357.0	show_letter	non_target	K
7	Picture	H	491718.0	show_letter	target	H
7	Picture	gJ	492078.0	show_letter	non_target	J
7	Picture	C	492438.0	show_letter	target	C
7	Picture	gB	492799.0	show_letter	non_target	B
7	Picture	M	493159.0	show_letter	target	M
7	Picture	WM	493520.0	show_dash	work_memory	n/a
7	Picture	rS	494328.0	show_letter	probe	S
7	Response	255	494513.992	response	unknown	n/a
8	Sound	correct	494633.192	sound_beep	correct_feedback	n/a
8	Response	1	494836.992	right_click	in_group	n/a
9	Picture	nonWM	494856.0	show_cross	ready	n/a
9	Picture	gS	496168.0	show_letter	non_target	S
9	Picture	gT	496528.0	show_letter	non_target	T
9	Picture	gG	496889.0	show_letter	non_target	G
9	Picture	N	497249.0	show_letter	target	N
9	Picture	W	497609.0	show_letter	target	W
9	Picture	J	497970.0	show_letter	target	J
9	Picture	gF	498330.0	show_letter	non_target	F
9	Picture	gH	498691.0	show_letter	non_target	H
9	Picture	WM	499055.0	show_dash	work_memory	n/a
9	Picture	rN	499994.0	show_letter	probe	N
9	Response	1	500168.992	right_click	in_group	n/a
10	Sound	correct	500288.192	sound_beep	correct_feedback	n/a
10	Response	255	500412.992	response	unknown	n/a
11	Picture	nonWM	500430.0	show_cross	ready	n/a
11	Picture	Z	501741.0	show_letter	target	Z
11	Picture	N	502102.0	show_letter	target	N
11	Picture	K	502462.0	show_letter	target	K
11	Picture	G	502822.0	show_letter	target	G
11	Picture	B	503183.0	show_letter	target	B
11	Picture	M	503543.0	show_letter	target	M
11	Picture	Y	503903.0	show_letter	target	Y
11	Picture	gR	504264.0	show_letter	non_target	R
11	Picture	WM	504624.0	show_dash	work_memory	n/a
11	Picture	rK	505445.0	show_letter	probe	K
11	Response	1	505573.992	right_click	in_group	n/a
12	Sound	correct	505693.192	sound_beep	correct_feedback	n/a
12	Response	255	506634.992	response	unknown	n/a
13	Picture	nonWM	506652.0	show_cross	ready	n/a
13	Picture	F	507964.0	show_letter	target	F
13	Picture	W	508324.0	show_letter	target	W
13	Picture	C	508685.0	show_letter	target	C
13	Picture	gR	509045.0	show_letter	non_target	R
13	Picture	N	509405.0	show_letter	target	N
13	Picture	Q	509766.0	show_letter	target	Q
13	Picture	H	510126.0	show_letter	target	H
13	Picture	S	510486.0	show_letter	target	S
13	Picture	WM	510847.0	show_dash	work_memory	n/a
13	Picture	rJ	511895.0	show_letter	probe	J
13	Response	255	512177.992	response	unknown	n/a
14	Sound	correct	512297.192	sound_beep	correct_feedback	n/a
14	Response	1	512579.992	right_click	in_group	n/a
15	Picture	nonWM	512598.0	show_cross	ready	n/a
15	Picture	K	513910.0	show_letter	target	K
15	Picture	gG	514270.0	show_letter	non_target	G
15	Picture	D	514631.0	show_letter	target	D
15	Picture	H	514991.0	show_letter	target	H
15	Picture	R	515351.0	show_letter	target	R
15	Picture	T	515712.0	show_letter	target	T
15	Picture	V	516072.0	show_letter	target	V
15	Picture	N	516433.0	show_letter	target	N
15	Picture	WM	516793.0	show_dash	work_memory	n/a
15	Picture	rD	517459.0	show_letter	probe	D
15	Response	1	517667.992	right_click	in_group	n/a
16	Sound	correct	517787.192	sound_beep	correct_feedback	n/a
16	Response	255	518142.992	response	unknown	n/a
17	Picture	nonWM	518159.0	show_cross	ready	n/a
17	Picture	gY	519471.0	show_letter	non_target	Y
17	Picture	T	519831.0	show_letter	target	T
17	Picture	gW	520192.0	show_letter	non_target	W
17	Picture	gN	520552.0	show_letter	non_target	N
17	Picture	gJ	520912.0	show_letter	non_target	J
17	Picture	V	521273.0	show_letter	target	V
17	Picture	Z	521633.0	show_letter	target	Z
17	Picture	gC	521993.0	show_letter	non_target	C
17	Picture	WM	522354.0	show_dash	work_memory	n/a
17	Picture	rB	523351.0	show_letter	probe	B
17	Response	255	523520.992	response	unknown	n/a
18	Sound	correct	523640.192	sound_beep	correct_feedback	n/a
18	Response	1	523876.992	right_click	in_group	n/a
19	Picture	nonWM	523896.0	show_cross	ready	n/a
19	Picture	V	525208.0	show_letter	target	V
19	Picture	L	525568.0	show_letter	target	L
19	Picture	S	525928.0	show_letter	target	S
19	Picture	gM	526289.0	show_letter	non_target	M
19	Picture	R	526649.0	show_letter	target	R
19	Picture	gD	527009.0	show_letter	non_target	D
19	Picture	N	527370.0	show_letter	target	N
19	Picture	gQ	527730.0	show_letter	non_target	Q
19	Picture	WM	528090.0	show_dash	work_memory	n/a
19	Picture	rK	528677.0	show_letter	probe	K
19	Response	255	528878.992	response	unknown	n/a
20	Sound	correct	528998.192	sound_beep	correct_feedback	n/a
20	Response	1	529247.992	right_click	in_group	n/a
21	Picture	nonWM	529264.0	show_cross	ready	n/a
21	Picture	M	530575.0	show_letter	target	M
21	Picture	R	530936.0	show_letter	target	R
21	Picture	L	531296.0	show_letter	target	L
21	Picture	gX	531657.0	show_letter	non_target	X
21	Picture	gG	532017.0	show_letter	non_target	G
21	Picture	W	532377.0	show_letter	target	W
21	Picture	F	532738.0	show_letter	target	F
21	Picture	gD	533098.0	show_letter	non_target	D
21	Picture	WM	533458.0	show_dash	work_memory	n/a
21	Picture	rF	534062.0	show_letter	probe	F
21	Response	1	534203.992	right_click	in_group	n/a
22	Sound	correct	534323.192	sound_beep	correct_feedback	n/a
22	Response	255	534421.992	response	unknown	n/a
23	Picture	nonWM	534439.0	show_cross	ready	n/a
23	Picture	R	535750.0	show_letter	target	R
23	Picture	gB	536111.0	show_letter	non_target	B
23	Picture	Y	536471.0	show_letter	target	Y
23	Picture	C	536832.0	show_letter	target	C
23	Picture	gQ	537192.0	show_letter	non_target	Q
23	Picture	gF	537552.0	show_letter	non_target	F
23	Picture	N	537913.0	show_letter	target	N
23	Picture	L	538273.0	show_letter	target	L
23	Picture	WM	538633.0	show_dash	work_memory	n/a
23	Picture	rZ	539317.0	show_letter	probe	Z
23	Response	255	539456.992	response	unknown	n/a
24	Sound	correct	539576.192	sound_beep	correct_feedback	n/a
24	Response	255	540168.992	response	unknown	n/a
25	Picture	nonWM	540188.0	show_cross	ready	n/a
25	Picture	P	541500.0	show_letter	target	P
25	Picture	L	541860.0	show_letter	target	L
25	Picture	H	542220.0	show_letter	target	H
25	Picture	K	542581.0	show_letter	target	K
25	Picture	B	542941.0	show_letter	target	B
25	Picture	Q	543302.0	show_letter	target	Q
25	Picture	gT	543662.0	show_letter	non_target	T
25	Picture	J	544022.0	show_letter	target	J
25	Picture	WM	544383.0	show_dash	work_memory	n/a
25	Picture	rH	545430.0	show_letter	probe	H
25	Response	1	545559.992	right_click	in_group	n/a
26	Sound	correct	545679.192	sound_beep	correct_feedback	n/a
26	Response	255	546805.992	response	unknown	n/a
27	Picture	nonWM	546822.0	show_cross	ready	n/a
27	Picture	G	548133.0	show_letter	target	G
27	Picture	gK	548493.0	show_letter	non_target	K
27	Picture	M	548854.0	show_letter	target	M
27	Picture	D	549214.0	show_letter	target	D
27	Picture	gR	549575.0	show_letter	non_target	R
27	Picture	gC	549935.0	show_letter	non_target	C
27	Picture	B	550295.0	show_letter	target	B
27	Picture	Y	550656.0	show_letter	target	Y
27	Picture	WM	551016.0	show_dash	work_memory	n/a
27	Picture	rY	551925.0	show_letter	probe	Y
27	Response	1	552084.992	right_click	in_group	n/a
28	Sound	correct	552204.192	sound_beep	correct_feedback	n/a
28	Response	255	552486.992	response	unknown	n/a
29	Picture	nonWM	552504.0	show_cross	ready	n/a
29	Picture	L	553815.0	show_letter	target	L
29	Picture	K	554176.0	show_letter	target	K
29	Picture	G	554536.0	show_letter	target	G
29	Picture	Z	554897.0	show_letter	target	Z
29	Picture	H	555257.0	show_letter	target	H
29	Picture	W	555617.0	show_letter	target	W
29	Picture	gM	555978.0	show_letter	non_target	M
29	Picture	D	556338.0	show_letter	target	D
29	Picture	WM	556699.0	show_dash	work_memory	n/a
29	Picture	rQ	557704.0	show_letter	probe	Q
29	Response	1	557851.992	right_click	in_group	n/a
30	Sound	wrong	557971.192	sound_buzz	incorrect_feedback	n/a
30	Response	255	558411.992	response	unknown	n/a
31	Picture	nonWM	558429.0	show_cross	ready	n/a
31	Picture	gD	559741.0	show_letter	non_target	D
31	Picture	gH	560101.0	show_letter	non_target	H
31	Picture	gG	560461.0	show_letter	non_target	G
31	Picture	C	560822.0	show_letter	target	C
31	Picture	S	561182.0	show_letter	target	S
31	Picture	N	561543.0	show_letter	target	N
31	Picture	gM	561903.0	show_letter	non_target	M
31	Picture	gF	562263.0	show_letter	non_target	F
31	Picture	WM	562624.0	show_dash	work_memory	n/a
31	Picture	rS	563608.0	show_letter	probe	S
31	Response	1	563776.992	right_click	in_group	n/a
32	Sound	correct	563896.192	sound_beep	correct_feedback	n/a
32	Response	255	564824.992	response	unknown	n/a
33	Picture	nonWM	564841.0	show_cross	ready	n/a
33	Picture	gS	566152.0	show_letter	non_target	S
33	Picture	G	566513.0	show_letter	target	G
33	Picture	gN	566873.0	show_letter	non_target	N
33	Picture	gB	567233.0	show_letter	non_target	B
33	Picture	L	567594.0	show_letter	target	L
33	Picture	gQ	567954.0	show_letter	non_target	Q
33	Picture	gZ	568314.0	show_letter	non_target	Z
33	Picture	P	568675.0	show_letter	target	P
33	Picture	WM	569035.0	show_dash	work_memory	n/a
33	Picture	rX	569890.0	show_letter	probe	X
33	Response	255	570043.992	response	unknown	n/a
34	Sound	correct	570163.192	sound_beep	correct_feedback	n/a
34	Response	1	570360.992	right_click	in_group	n/a
35	Picture	nonWM	570380.0	show_cross	ready	n/a
35	Picture	gF	571692.0	show_letter	non_target	F
35	Picture	S	572052.0	show_letter	target	S
35	Picture	gM	572413.0	show_letter	non_target	M
35	Picture	gD	572773.0	show_letter	non_target	D
35	Picture	Y	573133.0	show_letter	target	Y
35	Picture	N	573494.0	show_letter	target	N
35	Picture	gQ	573854.0	show_letter	non_target	Q
35	Picture	gK	574214.0	show_letter	non_target	K
35	Picture	WM	574575.0	show_dash	work_memory	n/a
35	Picture	rR	575321.0	show_letter	probe	R
35	Response	255	575547.992	response	unknown	n/a
36	Sound	correct	575667.192	sound_beep	correct_feedback	n/a
36	Response	1	575982.992	right_click	in_group	n/a
37	Picture	nonWM	576000.0	show_cross	ready	n/a
37	Picture	gM	577311.0	show_letter	non_target	M
37	Picture	V	577672.0	show_letter	target	V
37	Picture	G	578032.0	show_letter	target	G
37	Picture	F	578392.0	show_letter	target	F
37	Picture	gR	578753.0	show_letter	non_target	R
37	Picture	X	579113.0	show_letter	target	X
37	Picture	W	579473.0	show_letter	target	W
37	Picture	gY	579834.0	show_letter	non_target	Y
37	Picture	WM	580194.0	show_dash	work_memory	n/a
37	Picture	rJ	581007.0	show_letter	probe	J
37	Response	255	581201.992	response	unknown	n/a
38	Sound	correct	581321.192	sound_beep	correct_feedback	n/a
38	Response	1	581564.992	right_click	in_group	n/a
39	Picture	nonWM	581581.0	show_cross	ready	n/a
39	Picture	Y	582893.0	show_letter	target	Y
39	Picture	gV	583253.0	show_letter	non_target	V
39	Picture	F	583613.0	show_letter	target	F
39	Picture	R	583974.0	show_letter	target	R
39	Picture	C	584334.0	show_letter	target	C
39	Picture	Z	584695.0	show_letter	target	Z
39	Picture	Q	585055.0	show_letter	target	Q
39	Picture	D	585415.0	show_letter	target	D
39	Picture	WM	585776.0	show_dash	work_memory	n/a
39	Picture	rK	586802.0	show_letter	probe	K
39	Response	255	587008.992	response	unknown	n/a
40	Sound	correct	587128.192	sound_beep	correct_feedback	n/a
40	Response	1	587528.992	right_click	in_group	n/a
41	Picture	nonWM	587548.0	show_cross	ready	n/a
41	Picture	gQ	588860.0	show_letter	non_target	Q
41	Picture	gW	589220.0	show_letter	non_target	W
41	Picture	C	589581.0	show_letter	target	C
41	Picture	K	589941.0	show_letter	target	K
41	Picture	J	590301.0	show_letter	target	J
41	Picture	gP	590662.0	show_letter	non_target	P
41	Picture	V	591022.0	show_letter	target	V
41	Picture	M	591383.0	show_letter	target	M
41	Picture	WM	591743.0	show_dash	work_memory	n/a
41	Picture	rM	592506.0	show_letter	probe	M
41	Response	1	592629.992	right_click	in_group	n/a
42	Sound	correct	592749.192	sound_beep	correct_feedback	n/a
42	Response	255	592886.992	response	unknown	n/a
43	Picture	nonWM	592904.0	show_cross	ready	n/a
43	Picture	gZ	594215.0	show_letter	non_target	Z
43	Picture	M	594576.0	show_letter	target	M
43	Picture	gP	594936.0	show_letter	non_target	P
43	Picture	gN	595296.0	show_letter	non_target	N
43	Picture	F	595657.0	show_letter	target	F
43	Picture	L	596017.0	show_letter	target	L
43	Picture	gD	596378.0	show_letter	non_target	D
43	Picture	gH	596738.0	show_letter	non_target	H
43	Picture	WM	597098.0	show_dash	work_memory	n/a
43	Picture	rJ	597698.0	show_letter	probe	J
43	Response	255	597902.992	response	unknown	n/a
44	Sound	correct	598022.192	sound_beep	correct_feedback	n/a
44	Response	1	598271.992	right_click	in_group	n/a
45	Picture	nonWM	598288.0	show_cross	ready	n/a
45	Picture	H	599600.0	show_letter	target	H
45	Picture	W	599960.0	show_letter	target	W
45	Picture	gZ	600321.0	show_letter	non_target	Z
45	Picture	gQ	600681.0	show_letter	non_target	Q
45	Picture	gF	601042.0	show_letter	non_target	F
45	Picture	T	601402.0	show_letter	target	T
45	Picture	S	601762.0	show_letter	target	S
45	Picture	M	602123.0	show_letter	target	M
45	Picture	WM	602483.0	show_dash	work_memory	n/a
45	Picture	rB	603187.0	show_letter	probe	B
45	Response	255	603431.992	response	unknown	n/a
46	Sound	correct	603551.192	sound_beep	correct_feedback	n/a
46	Response	1	603939.992	right_click	in_group	n/a
47	Picture	nonWM	603958.0	show_cross	ready	n/a
47	Picture	Z	605270.0	show_letter	target	Z
47	Picture	P	605630.0	show_letter	target	P
47	Picture	W	605990.0	show_letter	target	W
47	Picture	Q	606351.0	show_letter	target	Q
47	Picture	gB	606711.0	show_letter	non_target	B
47	Picture	G	607071.0	show_letter	target	G
47	Picture	J	607432.0	show_letter	target	J
47	Picture	M	607792.0	show_letter	target	M
47	Picture	WM	608152.0	show_dash	work_memory	n/a
47	Picture	rV	608764.0	show_letter	probe	V
47	Response	255	608981.992	response	unknown	n/a
48	Sound	correct	609101.192	sound_beep	correct_feedback	n/a
48	Response	1	610457.992	right_click	in_group	n/a
49	Picture	nonWM	610474.0	show_cross	ready	n/a
49	Picture	gZ	611786.0	show_letter	non_target	Z
49	Picture	K	612146.0	show_letter	target	K
49	Picture	gH	612507.0	show_letter	non_target	H
49	Picture	P	612867.0	show_letter	target	P
49	Picture	C	613227.0	show_letter	target	C
49	Picture	gS	613588.0	show_letter	non_target	S
49	Picture	gV	613948.0	show_letter	non_target	V
49	Picture	gX	614308.0	show_letter	non_target	X
49	Picture	WM	614669.0	show_dash	work_memory	n/a
49	Picture	rC	615444.0	show_letter	probe	C
49	Response	1	615604.992	right_click	in_group	n/a
50	Sound	correct	615724.192	sound_beep	correct_feedback	n/a
50	Response	255	616224.992	response	unknown	n/a
